[
{
    "model": "auth.user",
    "fields": {
        "password": "argon2$argon2i$v=19$m=512,t=2,p=2$cGlKcktWNUp4ZUI0$LT7hgkxVrPPz6vaaEJzbdQ",
        "last_login": "2018-07-28T09:23:14.245",
        "is_superuser": false,
        "username": "darko@mail1.com",
        "first_name": "",
        "last_name": "",
        "email": "kolev101@gmail.com",
        "is_staff": false,
        "is_active": true,
        "date_joined": "2018-05-15T15:09:08.903",
        "groups": [],
        "user_permissions": []
    }
},
{
    "model": "auth.user",
    "fields": {
        "password": "argon2$argon2i$v=19$m=512,t=2,p=2$VzllcERjVkVXQnNG$VOmVI+CrZFI2CqeGLIkc9A",
        "last_login": "2018-07-28T08:39:56.661",
        "is_superuser": true,
        "username": "kolev1@gmail.com",
        "first_name": "",
        "last_name": "",
        "email": "kolev44@gmail.com",
        "is_staff": false,
        "is_active": true,
        "date_joined": "2018-06-20T18:47:02.429",
        "groups": [],
        "user_permissions": []
    }
},
{
    "model": "auth.user",
    "fields": {
        "password": "!YkAbZpsDBc5uQcBrattx5m6f7DptxLvsLjYfZHZL",
        "last_login": "2018-08-21T05:20:48.723",
        "is_superuser": false,
        "username": "kolevdarko",
        "first_name": "Darko",
        "last_name": "Kolev",
        "email": "kolevdarko@gmail.com",
        "is_staff": false,
        "is_active": true,
        "date_joined": "2018-07-14T07:06:19.201",
        "groups": [],
        "user_permissions": []
    }
},
{
    "model": "auth.user",
    "fields": {
        "password": "argon2$argon2i$v=19$m=512,t=2,p=2$dEh2QUFXeHFnQkJm$toAJzyWefHJruS++hk+Rfg",
        "last_login": "2018-10-04T15:51:17.701",
        "is_superuser": true,
        "username": "darko",
        "first_name": "",
        "last_name": "",
        "email": "darko@admin.com",
        "is_staff": true,
        "is_active": true,
        "date_joined": "2018-07-14T08:00:47.396",
        "groups": [],
        "user_permissions": []
    }
},
{
    "model": "auth.user",
    "fields": {
        "password": "argon2$argon2i$v=19$m=512,t=2,p=2$RnRld0c3ZG5DMUJl$OZ/NeDDJHoCxqT8up0c+pw",
        "last_login": "2018-10-04T08:46:34.970",
        "is_superuser": false,
        "username": "template@test.com",
        "first_name": "",
        "last_name": "",
        "email": "ludvig@test.com",
        "is_staff": false,
        "is_active": true,
        "date_joined": "2018-08-25T08:30:13.402",
        "groups": [],
        "user_permissions": []
    }
},
{
    "model": "auth.user",
    "fields": {
        "password": "argon2$argon2i$v=19$m=512,t=2,p=2$WmQySWdoR3NkcEtE$plrOkLJL6Ax+4SznBwiN7w",
        "last_login": null,
        "is_superuser": false,
        "username": "ludvig@test2.com",
        "first_name": "",
        "last_name": "",
        "email": "ludvig@test2.com",
        "is_staff": false,
        "is_active": false,
        "date_joined": "2018-08-25T08:34:16.860",
        "groups": [],
        "user_permissions": []
    }
},
{
    "model": "auth.user",
    "fields": {
        "password": "!ti7gXK0f0W5CDWadybcfSmuBEeqkJKblogvC75cJ",
        "last_login": "2018-10-07T20:04:50.606",
        "is_superuser": false,
        "username": "kolevdarko.work",
        "first_name": "Darko",
        "last_name": "Kolev",
        "email": "kolevdarko.work@gmail.com",
        "is_staff": false,
        "is_active": true,
        "date_joined": "2018-09-19T07:41:21.493",
        "groups": [],
        "user_permissions": []
    }
},
{
    "model": "auth.user",
    "fields": {
        "password": "argon2$argon2i$v=19$m=512,t=2,p=2$MFhLS1hpQ3lBOFlQ$pBtZnReLV7yRCf8fHQfR1Q",
        "last_login": null,
        "is_superuser": false,
        "username": "darko@new1.com",
        "first_name": "",
        "last_name": "",
        "email": "darko@new1.com",
        "is_staff": false,
        "is_active": false,
        "date_joined": "2018-09-29T08:54:37.851",
        "groups": [],
        "user_permissions": []
    }
},
{
    "model": "auth.user",
    "fields": {
        "password": "argon2$argon2i$v=19$m=512,t=2,p=2$V2pQSEswdVU4ZUUy$sleB7flD83GXZjVwbwdNSw",
        "last_login": "2018-09-29T08:58:43.455",
        "is_superuser": false,
        "username": "darko@new2.com",
        "first_name": "",
        "last_name": "",
        "email": "darko@new2.com",
        "is_staff": false,
        "is_active": true,
        "date_joined": "2018-09-29T08:56:16.563",
        "groups": [],
        "user_permissions": []
    }
},
{
    "model": "auth.user",
    "fields": {
        "password": "!Aty4k9okzx6HRiZk566PLIbkXkX0jnfskfUDvDEb",
        "last_login": "2018-09-29T09:53:50.979",
        "is_superuser": false,
        "username": "mladenovska.dragana",
        "first_name": "Dragana Mladenovska",
        "last_name": "",
        "email": "mladenovska.dragana@gmail.com",
        "is_staff": false,
        "is_active": true,
        "date_joined": "2018-09-29T09:53:50.922",
        "groups": [],
        "user_permissions": []
    }
},
{
    "model": "auth.user",
    "fields": {
        "password": "!iPmRBPxWieNcrHgh75EUHMzyEp58MWYujmNy89mk",
        "last_login": "2018-10-04T15:52:26.383",
        "is_superuser": false,
        "username": "darkokolev",
        "first_name": "Darko",
        "last_name": "Kolev",
        "email": "darkokolev@gmail.com",
        "is_staff": false,
        "is_active": true,
        "date_joined": "2018-10-04T15:52:26.277",
        "groups": [],
        "user_permissions": []
    }
},
{
    "model": "sessions.session",
    "pk": "057pkd64uzzyf6au22ehsamyn1tlnwcc",
    "fields": {
        "session_data": "ODdmYmU3ZjE5ZmZkYWFmOWVjZDQ1NDViY2VlZjM4YzQyMDliNGJmMjp7Il9hdXRoX3VzZXJfaWQiOiIxIiwiX2F1dGhfdXNlcl9iYWNrZW5kIjoiYWNjb3VudC5hdXRoX2JhY2tlbmRzLkVtYWlsQXV0aGVudGljYXRpb25CYWNrZW5kIiwiX2F1dGhfdXNlcl9oYXNoIjoiMjE1OTRlMTNhMjI4Y2JkYzUyYTk1MGY2NTYyYTkwMTI1OWVmNmZlMyIsIl9zZXNzaW9uX2V4cGlyeSI6MH0=",
        "expire_date": "2018-06-25T20:08:05.480"
    }
},
{
    "model": "sessions.session",
    "pk": "10hyv7789nhbqtjlxv8fw9iuabt9osz8",
    "fields": {
        "session_data": "OTczZmI0MDBlNWE5NDg1NWFkM2ZjN2FlMGUxMmUzOThjNTc4NjY4Zjp7Il9hdXRoX3VzZXJfaWQiOiI0IiwiX2F1dGhfdXNlcl9iYWNrZW5kIjoiYWNjb3VudC5hdXRoX2JhY2tlbmRzLkVtYWlsQXV0aGVudGljYXRpb25CYWNrZW5kIiwiX2F1dGhfdXNlcl9oYXNoIjoiNzZjYTg5MDExMWM5NjFhZGE4NWQ3OGVkOTNhNmViYmNmMjY5YWZlNiJ9",
        "expire_date": "2018-10-03T07:13:03.865"
    }
},
{
    "model": "sessions.session",
    "pk": "11fjas8cftg9auh85qvcgut6p1cm76b3",
    "fields": {
        "session_data": "ODdmYmU3ZjE5ZmZkYWFmOWVjZDQ1NDViY2VlZjM4YzQyMDliNGJmMjp7Il9hdXRoX3VzZXJfaWQiOiIxIiwiX2F1dGhfdXNlcl9iYWNrZW5kIjoiYWNjb3VudC5hdXRoX2JhY2tlbmRzLkVtYWlsQXV0aGVudGljYXRpb25CYWNrZW5kIiwiX2F1dGhfdXNlcl9oYXNoIjoiMjE1OTRlMTNhMjI4Y2JkYzUyYTk1MGY2NTYyYTkwMTI1OWVmNmZlMyIsIl9zZXNzaW9uX2V4cGlyeSI6MH0=",
        "expire_date": "2018-05-30T15:02:41.770"
    }
},
{
    "model": "sessions.session",
    "pk": "1e0fzdwu1lpc27zhbwzninbpi3wpraox",
    "fields": {
        "session_data": "YmRhNDk4YzIzZTYyZGY2OTk3YzRlMjIyODA0MzI2ODEyZjA3NGJmZjp7Il9hdXRoX3VzZXJfaWQiOiIyIiwiX2F1dGhfdXNlcl9iYWNrZW5kIjoiYWNjb3VudC5hdXRoX2JhY2tlbmRzLkVtYWlsQXV0aGVudGljYXRpb25CYWNrZW5kIiwiX2F1dGhfdXNlcl9oYXNoIjoiNTM1ZjI2N2ZmOTQyNjI2YjAzMjk2MjQ0YTU3MmE1MzUwMTZkYTdlYiIsIl9zZXNzaW9uX2V4cGlyeSI6MH0=",
        "expire_date": "2018-07-10T04:16:13.004"
    }
},
{
    "model": "sessions.session",
    "pk": "1v0zgijgpbrsqnilzcbqxut7t4h81p0h",
    "fields": {
        "session_data": "NDgxMTc5ZTI3NjI2YjU2N2YyN2RlOGEzNmU3YTdmOTQ1YzgyNzEzMjp7Imdvb2dsZS1vYXV0aDJfc3RhdGUiOiJGRkhHRkt0YUVpZzU5cDFxWG45d3pRQXlxUk5UaE5qSSJ9",
        "expire_date": "2018-10-16T05:17:47.364"
    }
},
{
    "model": "sessions.session",
    "pk": "2yamx4b9ar939earhyli6it6b6kfpk0y",
    "fields": {
        "session_data": "YjMxYTFkNTJiOGZhNjZmMTc4ZjFmZGRlNTYyNjc2NGNiZTBmZjNlYTp7Il9hdXRoX3VzZXJfaWQiOiIyIiwiX2F1dGhfdXNlcl9iYWNrZW5kIjoiYWNjb3VudC5hdXRoX2JhY2tlbmRzLkVtYWlsQXV0aGVudGljYXRpb25CYWNrZW5kIiwiX2F1dGhfdXNlcl9oYXNoIjoiZWNhNWU3MWUwMjRhNDliOGM0ZTk0MGYwOThiZTNiZGJhZDEzYWRkNSIsIl9zZXNzaW9uX2V4cGlyeSI6MH0=",
        "expire_date": "2018-08-11T08:23:24.320"
    }
},
{
    "model": "sessions.session",
    "pk": "34vdvfrv7h5oq5kdfikdqy5qg5efhseq",
    "fields": {
        "session_data": "ZGE4NjFkOTlmOWEzYTY3NDA2NTIwOTM0OTgxNjQzNGI5YmM2YTdhMTp7Il9hdXRoX3VzZXJfaWQiOiI5IiwiX2F1dGhfdXNlcl9iYWNrZW5kIjoiYWNjb3VudC5hdXRoX2JhY2tlbmRzLkVtYWlsQXV0aGVudGljYXRpb25CYWNrZW5kIiwiX2F1dGhfdXNlcl9oYXNoIjoiMGQ1MDdhZDM2MDU0ZGEyYTM2Mzk3ZmFmMGI1ODZiZDUyNTVhNWVjYiIsIl9zZXNzaW9uX2V4cGlyeSI6MH0=",
        "expire_date": "2018-09-02T09:18:48.847"
    }
},
{
    "model": "sessions.session",
    "pk": "6b6rrsjq8zwow6ljxnhc9nkf63p92qja",
    "fields": {
        "session_data": "ZGE4NjFkOTlmOWEzYTY3NDA2NTIwOTM0OTgxNjQzNGI5YmM2YTdhMTp7Il9hdXRoX3VzZXJfaWQiOiI5IiwiX2F1dGhfdXNlcl9iYWNrZW5kIjoiYWNjb3VudC5hdXRoX2JhY2tlbmRzLkVtYWlsQXV0aGVudGljYXRpb25CYWNrZW5kIiwiX2F1dGhfdXNlcl9oYXNoIjoiMGQ1MDdhZDM2MDU0ZGEyYTM2Mzk3ZmFmMGI1ODZiZDUyNTVhNWVjYiIsIl9zZXNzaW9uX2V4cGlyeSI6MH0=",
        "expire_date": "2018-09-14T15:52:22.503"
    }
},
{
    "model": "sessions.session",
    "pk": "6cymkm3viup8jb9hzrp33a0zcz5p37dg",
    "fields": {
        "session_data": "ZGE4NjFkOTlmOWEzYTY3NDA2NTIwOTM0OTgxNjQzNGI5YmM2YTdhMTp7Il9hdXRoX3VzZXJfaWQiOiI5IiwiX2F1dGhfdXNlcl9iYWNrZW5kIjoiYWNjb3VudC5hdXRoX2JhY2tlbmRzLkVtYWlsQXV0aGVudGljYXRpb25CYWNrZW5kIiwiX2F1dGhfdXNlcl9oYXNoIjoiMGQ1MDdhZDM2MDU0ZGEyYTM2Mzk3ZmFmMGI1ODZiZDUyNTVhNWVjYiIsIl9zZXNzaW9uX2V4cGlyeSI6MH0=",
        "expire_date": "2018-09-03T06:12:30.699"
    }
},
{
    "model": "sessions.session",
    "pk": "7fqv44ejczy5lpkteydzpgnxzr1jzrgt",
    "fields": {
        "session_data": "YmRhNDk4YzIzZTYyZGY2OTk3YzRlMjIyODA0MzI2ODEyZjA3NGJmZjp7Il9hdXRoX3VzZXJfaWQiOiIyIiwiX2F1dGhfdXNlcl9iYWNrZW5kIjoiYWNjb3VudC5hdXRoX2JhY2tlbmRzLkVtYWlsQXV0aGVudGljYXRpb25CYWNrZW5kIiwiX2F1dGhfdXNlcl9oYXNoIjoiNTM1ZjI2N2ZmOTQyNjI2YjAzMjk2MjQ0YTU3MmE1MzUwMTZkYTdlYiIsIl9zZXNzaW9uX2V4cGlyeSI6MH0=",
        "expire_date": "2018-07-05T14:59:04.737"
    }
},
{
    "model": "sessions.session",
    "pk": "90okioni5y5tzwgaf3vgq7gfh2sgceu6",
    "fields": {
        "session_data": "OTczZmI0MDBlNWE5NDg1NWFkM2ZjN2FlMGUxMmUzOThjNTc4NjY4Zjp7Il9hdXRoX3VzZXJfaWQiOiI0IiwiX2F1dGhfdXNlcl9iYWNrZW5kIjoiYWNjb3VudC5hdXRoX2JhY2tlbmRzLkVtYWlsQXV0aGVudGljYXRpb25CYWNrZW5kIiwiX2F1dGhfdXNlcl9oYXNoIjoiNzZjYTg5MDExMWM5NjFhZGE4NWQ3OGVkOTNhNmViYmNmMjY5YWZlNiJ9",
        "expire_date": "2018-10-13T08:53:53.274"
    }
},
{
    "model": "sessions.session",
    "pk": "b5b4rx66600bmp71or8grezglesmottq",
    "fields": {
        "session_data": "ODdmYmU3ZjE5ZmZkYWFmOWVjZDQ1NDViY2VlZjM4YzQyMDliNGJmMjp7Il9hdXRoX3VzZXJfaWQiOiIxIiwiX2F1dGhfdXNlcl9iYWNrZW5kIjoiYWNjb3VudC5hdXRoX2JhY2tlbmRzLkVtYWlsQXV0aGVudGljYXRpb25CYWNrZW5kIiwiX2F1dGhfdXNlcl9oYXNoIjoiMjE1OTRlMTNhMjI4Y2JkYzUyYTk1MGY2NTYyYTkwMTI1OWVmNmZlMyIsIl9zZXNzaW9uX2V4cGlyeSI6MH0=",
        "expire_date": "2018-06-12T15:34:08.792"
    }
},
{
    "model": "sessions.session",
    "pk": "bm570k5wfuip8ey3eae7tlrjg80k3exb",
    "fields": {
        "session_data": "MWEzOTA3NWZjMjUyMTdkODMyM2U1N2VhOGFlYjU5ZWM2YTkwYTlkYjp7Imdvb2dsZS1vYXV0aDJfc3RhdGUiOiJ1MlNFbmVvcDczb0pwV1pNekNDa2VsUGxpaGNHN1F1YyJ9",
        "expire_date": "2018-08-31T11:38:40.366"
    }
},
{
    "model": "sessions.session",
    "pk": "e7il5how5wq2wy70k69zi07h6q1xgzo4",
    "fields": {
        "session_data": "Yzc0MTU1ZWMzNWU2Yzg0MTczYWZhZmQxOTQ0NmFlNWU5YWE1ZDdmODp7Imdvb2dsZS1vYXV0aDJfc3RhdGUiOiJMNWF0MWV4SzlLblJyamsyWnBWSlJnQ21oblBKZ1pzaiIsIl9hdXRoX3VzZXJfaWQiOiI5IiwiX2F1dGhfdXNlcl9iYWNrZW5kIjoic29jaWFsX2NvcmUuYmFja2VuZHMuZ29vZ2xlLkdvb2dsZU9BdXRoMiIsIl9hdXRoX3VzZXJfaGFzaCI6IjEyZTZmYzAzZmIxZjUwNThmZTJlNTUxOWI5NTkwMGUzZTJmM2U1ZDgiLCJzb2NpYWxfYXV0aF9sYXN0X2xvZ2luX2JhY2tlbmQiOiJnb29nbGUtb2F1dGgyIn0=",
        "expire_date": "2018-08-11T15:01:22.409"
    }
},
{
    "model": "sessions.session",
    "pk": "g0ebitiuolcpev6gzx2noeogdg0nisrl",
    "fields": {
        "session_data": "MWViMTdkMTg5ZDk5MzFkOWY4ZDM1OWM5ZjMzNjE5NTIxZjJhMzMyYzp7Imdvb2dsZS1vYXV0aDJfc3RhdGUiOiJqekE4MjJKTFJ3dXgwWUxMWjFkTHgydjFaMzFYRlBFMyIsIl9hdXRoX3VzZXJfaWQiOiIxMCIsIl9hdXRoX3VzZXJfYmFja2VuZCI6ImFjY291bnQuYXV0aF9iYWNrZW5kcy5FbWFpbEF1dGhlbnRpY2F0aW9uQmFja2VuZCIsIl9hdXRoX3VzZXJfaGFzaCI6IjgxZWY3MDg0NWY4MjdlM2YxODc0YmQ5OTYyZTdlZWU0MjU0NGVjZmMiLCJfc2Vzc2lvbl9leHBpcnkiOjB9",
        "expire_date": "2018-10-17T05:41:26.907"
    }
},
{
    "model": "sessions.session",
    "pk": "g269tsgx1g9ndq15cgqrpaw4a63jq35m",
    "fields": {
        "session_data": "ZGE4NjFkOTlmOWEzYTY3NDA2NTIwOTM0OTgxNjQzNGI5YmM2YTdhMTp7Il9hdXRoX3VzZXJfaWQiOiI5IiwiX2F1dGhfdXNlcl9iYWNrZW5kIjoiYWNjb3VudC5hdXRoX2JhY2tlbmRzLkVtYWlsQXV0aGVudGljYXRpb25CYWNrZW5kIiwiX2F1dGhfdXNlcl9oYXNoIjoiMGQ1MDdhZDM2MDU0ZGEyYTM2Mzk3ZmFmMGI1ODZiZDUyNTVhNWVjYiIsIl9zZXNzaW9uX2V4cGlyeSI6MH0=",
        "expire_date": "2018-09-08T18:09:45.018"
    }
},
{
    "model": "sessions.session",
    "pk": "g86bjos2s7qv19z591801tihpua50khp",
    "fields": {
        "session_data": "ZGE4NjFkOTlmOWEzYTY3NDA2NTIwOTM0OTgxNjQzNGI5YmM2YTdhMTp7Il9hdXRoX3VzZXJfaWQiOiI5IiwiX2F1dGhfdXNlcl9iYWNrZW5kIjoiYWNjb3VudC5hdXRoX2JhY2tlbmRzLkVtYWlsQXV0aGVudGljYXRpb25CYWNrZW5kIiwiX2F1dGhfdXNlcl9oYXNoIjoiMGQ1MDdhZDM2MDU0ZGEyYTM2Mzk3ZmFmMGI1ODZiZDUyNTVhNWVjYiIsIl9zZXNzaW9uX2V4cGlyeSI6MH0=",
        "expire_date": "2018-09-19T18:19:22.554"
    }
},
{
    "model": "sessions.session",
    "pk": "gte1j76sdnazcjy85fwgjbpfk3k4r3zh",
    "fields": {
        "session_data": "ZGE4NjFkOTlmOWEzYTY3NDA2NTIwOTM0OTgxNjQzNGI5YmM2YTdhMTp7Il9hdXRoX3VzZXJfaWQiOiI5IiwiX2F1dGhfdXNlcl9iYWNrZW5kIjoiYWNjb3VudC5hdXRoX2JhY2tlbmRzLkVtYWlsQXV0aGVudGljYXRpb25CYWNrZW5kIiwiX2F1dGhfdXNlcl9oYXNoIjoiMGQ1MDdhZDM2MDU0ZGEyYTM2Mzk3ZmFmMGI1ODZiZDUyNTVhNWVjYiIsIl9zZXNzaW9uX2V4cGlyeSI6MH0=",
        "expire_date": "2018-09-09T16:56:20.849"
    }
},
{
    "model": "sessions.session",
    "pk": "h5uqn3jk88e8sldsmxs7meklv90xw31w",
    "fields": {
        "session_data": "Yzk3ZTI4NjY4ODlkZDgwZTdmYmRmYTViMmM5MzAwZmJmOTViN2Y5Yzp7Imdvb2dsZS1vYXV0aDJfc3RhdGUiOiI2RHNmNUdENk0yQjlZOFQ1ZHExa2NoVEZyWGczS1lEMiIsIl9hdXRoX3VzZXJfaWQiOiIxOSIsIl9hdXRoX3VzZXJfYmFja2VuZCI6InNvY2lhbF9jb3JlLmJhY2tlbmRzLmdvb2dsZS5Hb29nbGVPQXV0aDIiLCJfYXV0aF91c2VyX2hhc2giOiIwYjVjOGI5MDI3ZGI1NTg3NmExOWY5Nzg2MDZjZmU4ZDlhNzYyNTg0Iiwic29jaWFsX2F1dGhfbGFzdF9sb2dpbl9iYWNrZW5kIjoiZ29vZ2xlLW9hdXRoMiJ9",
        "expire_date": "2018-10-21T20:04:50.614"
    }
},
{
    "model": "sessions.session",
    "pk": "hp8syrqakimxm78j86gs5s0wu6xf4eq4",
    "fields": {
        "session_data": "YmRhNDk4YzIzZTYyZGY2OTk3YzRlMjIyODA0MzI2ODEyZjA3NGJmZjp7Il9hdXRoX3VzZXJfaWQiOiIyIiwiX2F1dGhfdXNlcl9iYWNrZW5kIjoiYWNjb3VudC5hdXRoX2JhY2tlbmRzLkVtYWlsQXV0aGVudGljYXRpb25CYWNrZW5kIiwiX2F1dGhfdXNlcl9oYXNoIjoiNTM1ZjI2N2ZmOTQyNjI2YjAzMjk2MjQ0YTU3MmE1MzUwMTZkYTdlYiIsIl9zZXNzaW9uX2V4cGlyeSI6MH0=",
        "expire_date": "2018-07-16T06:28:42.524"
    }
},
{
    "model": "sessions.session",
    "pk": "kseuzjvca4d7tvd69e2t3afv213sopzb",
    "fields": {
        "session_data": "ZGE4NjFkOTlmOWEzYTY3NDA2NTIwOTM0OTgxNjQzNGI5YmM2YTdhMTp7Il9hdXRoX3VzZXJfaWQiOiI5IiwiX2F1dGhfdXNlcl9iYWNrZW5kIjoiYWNjb3VudC5hdXRoX2JhY2tlbmRzLkVtYWlsQXV0aGVudGljYXRpb25CYWNrZW5kIiwiX2F1dGhfdXNlcl9oYXNoIjoiMGQ1MDdhZDM2MDU0ZGEyYTM2Mzk3ZmFmMGI1ODZiZDUyNTVhNWVjYiIsIl9zZXNzaW9uX2V4cGlyeSI6MH0=",
        "expire_date": "2018-09-20T04:48:21.379"
    }
},
{
    "model": "sessions.session",
    "pk": "kzn305hy4v8wtw98gjd8219ihhdx1fwk",
    "fields": {
        "session_data": "ODdmYmU3ZjE5ZmZkYWFmOWVjZDQ1NDViY2VlZjM4YzQyMDliNGJmMjp7Il9hdXRoX3VzZXJfaWQiOiIxIiwiX2F1dGhfdXNlcl9iYWNrZW5kIjoiYWNjb3VudC5hdXRoX2JhY2tlbmRzLkVtYWlsQXV0aGVudGljYXRpb25CYWNrZW5kIiwiX2F1dGhfdXNlcl9oYXNoIjoiMjE1OTRlMTNhMjI4Y2JkYzUyYTk1MGY2NTYyYTkwMTI1OWVmNmZlMyIsIl9zZXNzaW9uX2V4cGlyeSI6MH0=",
        "expire_date": "2018-06-02T05:02:03.221"
    }
},
{
    "model": "sessions.session",
    "pk": "lgs9h8illscjlstbdd0303updqgrd3x0",
    "fields": {
        "session_data": "NGY1MzhhNTQ2NzE5YWQxOGU2MTUyMjljMmIxNjYzMzZiNTdiZjRlMTp7Imdvb2dsZS1vYXV0aDJfc3RhdGUiOiJSYkd3Vmlrc1AxeUdqSVdMYmd1eTFCbkpLb3hOajRxMiIsIl9hdXRoX3VzZXJfaWQiOiI1IiwiX2F1dGhfdXNlcl9iYWNrZW5kIjoic29jaWFsX2NvcmUuYmFja2VuZHMuZ29vZ2xlLkdvb2dsZU9BdXRoMiIsIl9hdXRoX3VzZXJfaGFzaCI6ImYxMzQ2ZjFiOWQ0OWU5ODBmZTdhYzIyYjlhYmE3MDc3NDU2ZTVkYzIiLCJzb2NpYWxfYXV0aF9sYXN0X2xvZ2luX2JhY2tlbmQiOiJnb29nbGUtb2F1dGgyIn0=",
        "expire_date": "2018-08-11T14:33:54.780"
    }
},
{
    "model": "sessions.session",
    "pk": "lr467v0nerde022olikytjqijod35558",
    "fields": {
        "session_data": "ZGE4NjFkOTlmOWEzYTY3NDA2NTIwOTM0OTgxNjQzNGI5YmM2YTdhMTp7Il9hdXRoX3VzZXJfaWQiOiI5IiwiX2F1dGhfdXNlcl9iYWNrZW5kIjoiYWNjb3VudC5hdXRoX2JhY2tlbmRzLkVtYWlsQXV0aGVudGljYXRpb25CYWNrZW5kIiwiX2F1dGhfdXNlcl9oYXNoIjoiMGQ1MDdhZDM2MDU0ZGEyYTM2Mzk3ZmFmMGI1ODZiZDUyNTVhNWVjYiIsIl9zZXNzaW9uX2V4cGlyeSI6MH0=",
        "expire_date": "2018-09-04T05:56:32.292"
    }
},
{
    "model": "sessions.session",
    "pk": "mgx7vvtfr82q6oedgvir6gl8f23wdo2p",
    "fields": {
        "session_data": "NDJmNDRjZmIyYjIwODE0MjM5M2NhZDcxMGU5NzhiN2Y2MDI2OTI1MDp7Il9hdXRoX3VzZXJfaWQiOiIyIiwiX2F1dGhfdXNlcl9iYWNrZW5kIjoiYWNjb3VudC5hdXRoX2JhY2tlbmRzLkVtYWlsQXV0aGVudGljYXRpb25CYWNrZW5kIiwiX2F1dGhfdXNlcl9oYXNoIjoiMjE2MWU4YWY4YTk5NmQ2MWU2MTk3MzI0YTkzMTk2MDZlMDA0ZTk2ZiIsIl9zZXNzaW9uX2V4cGlyeSI6MH0=",
        "expire_date": "2018-08-11T08:26:45.654"
    }
},
{
    "model": "sessions.session",
    "pk": "mqxkn9avq13j9h2m4d1evoupknjbju9w",
    "fields": {
        "session_data": "ODdmYmU3ZjE5ZmZkYWFmOWVjZDQ1NDViY2VlZjM4YzQyMDliNGJmMjp7Il9hdXRoX3VzZXJfaWQiOiIxIiwiX2F1dGhfdXNlcl9iYWNrZW5kIjoiYWNjb3VudC5hdXRoX2JhY2tlbmRzLkVtYWlsQXV0aGVudGljYXRpb25CYWNrZW5kIiwiX2F1dGhfdXNlcl9oYXNoIjoiMjE1OTRlMTNhMjI4Y2JkYzUyYTk1MGY2NTYyYTkwMTI1OWVmNmZlMyIsIl9zZXNzaW9uX2V4cGlyeSI6MH0=",
        "expire_date": "2018-06-09T05:55:29.247"
    }
},
{
    "model": "sessions.session",
    "pk": "mxfqrkmhbfrmchwkin3p5z7ceo713b22",
    "fields": {
        "session_data": "YmRhNDk4YzIzZTYyZGY2OTk3YzRlMjIyODA0MzI2ODEyZjA3NGJmZjp7Il9hdXRoX3VzZXJfaWQiOiIyIiwiX2F1dGhfdXNlcl9iYWNrZW5kIjoiYWNjb3VudC5hdXRoX2JhY2tlbmRzLkVtYWlsQXV0aGVudGljYXRpb25CYWNrZW5kIiwiX2F1dGhfdXNlcl9oYXNoIjoiNTM1ZjI2N2ZmOTQyNjI2YjAzMjk2MjQ0YTU3MmE1MzUwMTZkYTdlYiIsIl9zZXNzaW9uX2V4cGlyeSI6MH0=",
        "expire_date": "2018-07-11T05:40:09.175"
    }
},
{
    "model": "sessions.session",
    "pk": "n8il0qokottzy3u4igvkvik1ecnguqsp",
    "fields": {
        "session_data": "ODdmYmU3ZjE5ZmZkYWFmOWVjZDQ1NDViY2VlZjM4YzQyMDliNGJmMjp7Il9hdXRoX3VzZXJfaWQiOiIxIiwiX2F1dGhfdXNlcl9iYWNrZW5kIjoiYWNjb3VudC5hdXRoX2JhY2tlbmRzLkVtYWlsQXV0aGVudGljYXRpb25CYWNrZW5kIiwiX2F1dGhfdXNlcl9oYXNoIjoiMjE1OTRlMTNhMjI4Y2JkYzUyYTk1MGY2NTYyYTkwMTI1OWVmNmZlMyIsIl9zZXNzaW9uX2V4cGlyeSI6MH0=",
        "expire_date": "2018-06-17T10:24:23.864"
    }
},
{
    "model": "sessions.session",
    "pk": "nf4xh60a3i1hvrzsn7w6ru85rat8k821",
    "fields": {
        "session_data": "ODdmYmU3ZjE5ZmZkYWFmOWVjZDQ1NDViY2VlZjM4YzQyMDliNGJmMjp7Il9hdXRoX3VzZXJfaWQiOiIxIiwiX2F1dGhfdXNlcl9iYWNrZW5kIjoiYWNjb3VudC5hdXRoX2JhY2tlbmRzLkVtYWlsQXV0aGVudGljYXRpb25CYWNrZW5kIiwiX2F1dGhfdXNlcl9oYXNoIjoiMjE1OTRlMTNhMjI4Y2JkYzUyYTk1MGY2NTYyYTkwMTI1OWVmNmZlMyIsIl9zZXNzaW9uX2V4cGlyeSI6MH0=",
        "expire_date": "2018-05-29T15:10:02.430"
    }
},
{
    "model": "sessions.session",
    "pk": "o8sp3eevjwq9rwn1wzcw2g619dea3e07",
    "fields": {
        "session_data": "ZGE4NjFkOTlmOWEzYTY3NDA2NTIwOTM0OTgxNjQzNGI5YmM2YTdhMTp7Il9hdXRoX3VzZXJfaWQiOiI5IiwiX2F1dGhfdXNlcl9iYWNrZW5kIjoiYWNjb3VudC5hdXRoX2JhY2tlbmRzLkVtYWlsQXV0aGVudGljYXRpb25CYWNrZW5kIiwiX2F1dGhfdXNlcl9oYXNoIjoiMGQ1MDdhZDM2MDU0ZGEyYTM2Mzk3ZmFmMGI1ODZiZDUyNTVhNWVjYiIsIl9zZXNzaW9uX2V4cGlyeSI6MH0=",
        "expire_date": "2018-09-10T07:15:12.079"
    }
},
{
    "model": "sessions.session",
    "pk": "os4xbyi7fb3eb5z3v4scqcjweibjpf5z",
    "fields": {
        "session_data": "ZGE4NjFkOTlmOWEzYTY3NDA2NTIwOTM0OTgxNjQzNGI5YmM2YTdhMTp7Il9hdXRoX3VzZXJfaWQiOiI5IiwiX2F1dGhfdXNlcl9iYWNrZW5kIjoiYWNjb3VudC5hdXRoX2JhY2tlbmRzLkVtYWlsQXV0aGVudGljYXRpb25CYWNrZW5kIiwiX2F1dGhfdXNlcl9oYXNoIjoiMGQ1MDdhZDM2MDU0ZGEyYTM2Mzk3ZmFmMGI1ODZiZDUyNTVhNWVjYiIsIl9zZXNzaW9uX2V4cGlyeSI6MH0=",
        "expire_date": "2018-09-13T16:16:39.441"
    }
},
{
    "model": "sessions.session",
    "pk": "oulzebh65mngbzcwu8964b1pb9k3z88v",
    "fields": {
        "session_data": "ODdmYmU3ZjE5ZmZkYWFmOWVjZDQ1NDViY2VlZjM4YzQyMDliNGJmMjp7Il9hdXRoX3VzZXJfaWQiOiIxIiwiX2F1dGhfdXNlcl9iYWNrZW5kIjoiYWNjb3VudC5hdXRoX2JhY2tlbmRzLkVtYWlsQXV0aGVudGljYXRpb25CYWNrZW5kIiwiX2F1dGhfdXNlcl9oYXNoIjoiMjE1OTRlMTNhMjI4Y2JkYzUyYTk1MGY2NTYyYTkwMTI1OWVmNmZlMyIsIl9zZXNzaW9uX2V4cGlyeSI6MH0=",
        "expire_date": "2018-06-04T04:05:17.581"
    }
},
{
    "model": "sessions.session",
    "pk": "sohqync8btrjyujo0lexoklqqxf8gqrj",
    "fields": {
        "session_data": "YmRhNDk4YzIzZTYyZGY2OTk3YzRlMjIyODA0MzI2ODEyZjA3NGJmZjp7Il9hdXRoX3VzZXJfaWQiOiIyIiwiX2F1dGhfdXNlcl9iYWNrZW5kIjoiYWNjb3VudC5hdXRoX2JhY2tlbmRzLkVtYWlsQXV0aGVudGljYXRpb25CYWNrZW5kIiwiX2F1dGhfdXNlcl9oYXNoIjoiNTM1ZjI2N2ZmOTQyNjI2YjAzMjk2MjQ0YTU3MmE1MzUwMTZkYTdlYiIsIl9zZXNzaW9uX2V4cGlyeSI6MH0=",
        "expire_date": "2018-07-29T05:07:02.817"
    }
},
{
    "model": "sessions.session",
    "pk": "sqzpoe815uzkbe4cese8r9shvjhhnb8j",
    "fields": {
        "session_data": "YmRhNDk4YzIzZTYyZGY2OTk3YzRlMjIyODA0MzI2ODEyZjA3NGJmZjp7Il9hdXRoX3VzZXJfaWQiOiIyIiwiX2F1dGhfdXNlcl9iYWNrZW5kIjoiYWNjb3VudC5hdXRoX2JhY2tlbmRzLkVtYWlsQXV0aGVudGljYXRpb25CYWNrZW5kIiwiX2F1dGhfdXNlcl9oYXNoIjoiNTM1ZjI2N2ZmOTQyNjI2YjAzMjk2MjQ0YTU3MmE1MzUwMTZkYTdlYiIsIl9zZXNzaW9uX2V4cGlyeSI6MH0=",
        "expire_date": "2018-08-01T16:39:00.329"
    }
},
{
    "model": "sessions.session",
    "pk": "tq857cfhf6m0a1uzksr6andl7cfsr621",
    "fields": {
        "session_data": "OGQwMzE1ZDAxZDlmMmFhYzI3NThkODY5NWIyYTU3ZThjN2IzNTk4OTp7Imdvb2dsZS1vYXV0aDJfc3RhdGUiOiJaNnJMeEpDczBWZW11MHdua0dsdnZHTWI1Rm9WalREQiJ9",
        "expire_date": "2018-09-19T18:17:24.397"
    }
},
{
    "model": "sessions.session",
    "pk": "up7f2knbv9p18rye3gl2ykcsfdm5i4d3",
    "fields": {
        "session_data": "YmRhNDk4YzIzZTYyZGY2OTk3YzRlMjIyODA0MzI2ODEyZjA3NGJmZjp7Il9hdXRoX3VzZXJfaWQiOiIyIiwiX2F1dGhfdXNlcl9iYWNrZW5kIjoiYWNjb3VudC5hdXRoX2JhY2tlbmRzLkVtYWlsQXV0aGVudGljYXRpb25CYWNrZW5kIiwiX2F1dGhfdXNlcl9oYXNoIjoiNTM1ZjI2N2ZmOTQyNjI2YjAzMjk2MjQ0YTU3MmE1MzUwMTZkYTdlYiIsIl9zZXNzaW9uX2V4cGlyeSI6MH0=",
        "expire_date": "2018-08-11T07:44:32.354"
    }
},
{
    "model": "sessions.session",
    "pk": "v4ucb14yu0qxkgognxmds25o3184ombt",
    "fields": {
        "session_data": "YmRhNDk4YzIzZTYyZGY2OTk3YzRlMjIyODA0MzI2ODEyZjA3NGJmZjp7Il9hdXRoX3VzZXJfaWQiOiIyIiwiX2F1dGhfdXNlcl9iYWNrZW5kIjoiYWNjb3VudC5hdXRoX2JhY2tlbmRzLkVtYWlsQXV0aGVudGljYXRpb25CYWNrZW5kIiwiX2F1dGhfdXNlcl9oYXNoIjoiNTM1ZjI2N2ZmOTQyNjI2YjAzMjk2MjQ0YTU3MmE1MzUwMTZkYTdlYiIsIl9zZXNzaW9uX2V4cGlyeSI6MH0=",
        "expire_date": "2018-07-10T18:11:36.413"
    }
},
{
    "model": "sessions.session",
    "pk": "wee82334czh0w6jamqzf18ivpj7lk3qi",
    "fields": {
        "session_data": "ODdmYmU3ZjE5ZmZkYWFmOWVjZDQ1NDViY2VlZjM4YzQyMDliNGJmMjp7Il9hdXRoX3VzZXJfaWQiOiIxIiwiX2F1dGhfdXNlcl9iYWNrZW5kIjoiYWNjb3VudC5hdXRoX2JhY2tlbmRzLkVtYWlsQXV0aGVudGljYXRpb25CYWNrZW5kIiwiX2F1dGhfdXNlcl9oYXNoIjoiMjE1OTRlMTNhMjI4Y2JkYzUyYTk1MGY2NTYyYTkwMTI1OWVmNmZlMyIsIl9zZXNzaW9uX2V4cGlyeSI6MH0=",
        "expire_date": "2018-06-07T04:33:48.929"
    }
},
{
    "model": "sessions.session",
    "pk": "xf7nxwfd427mkrpxp4l5hhultr78m8ji",
    "fields": {
        "session_data": "OTczZmI0MDBlNWE5NDg1NWFkM2ZjN2FlMGUxMmUzOThjNTc4NjY4Zjp7Il9hdXRoX3VzZXJfaWQiOiI0IiwiX2F1dGhfdXNlcl9iYWNrZW5kIjoiYWNjb3VudC5hdXRoX2JhY2tlbmRzLkVtYWlsQXV0aGVudGljYXRpb25CYWNrZW5kIiwiX2F1dGhfdXNlcl9oYXNoIjoiNzZjYTg5MDExMWM5NjFhZGE4NWQ3OGVkOTNhNmViYmNmMjY5YWZlNiJ9",
        "expire_date": "2018-10-03T07:16:55.427"
    }
},
{
    "model": "sessions.session",
    "pk": "xhyiq7vepbjy8bawv4txb8do38k65lsy",
    "fields": {
        "session_data": "ZmYxZGU4ZTA0OTI4MDI2ODMwY2E2MTAyN2I4YTQ0Y2YxMzhkNTI4Yzp7Il9hdXRoX3VzZXJfaWQiOiIxMCIsIl9hdXRoX3VzZXJfYmFja2VuZCI6ImFjY291bnQuYXV0aF9iYWNrZW5kcy5FbWFpbEF1dGhlbnRpY2F0aW9uQmFja2VuZCIsIl9hdXRoX3VzZXJfaGFzaCI6IjgxZWY3MDg0NWY4MjdlM2YxODc0YmQ5OTYyZTdlZWU0MjU0NGVjZmMiLCJfc2Vzc2lvbl9leHBpcnkiOjB9",
        "expire_date": "2018-10-16T05:31:43.654"
    }
},
{
    "model": "sessions.session",
    "pk": "xtxzn0fyagi9x4syqrntrvjljw2oorwd",
    "fields": {
        "session_data": "ZGE4NjFkOTlmOWEzYTY3NDA2NTIwOTM0OTgxNjQzNGI5YmM2YTdhMTp7Il9hdXRoX3VzZXJfaWQiOiI5IiwiX2F1dGhfdXNlcl9iYWNrZW5kIjoiYWNjb3VudC5hdXRoX2JhY2tlbmRzLkVtYWlsQXV0aGVudGljYXRpb25CYWNrZW5kIiwiX2F1dGhfdXNlcl9oYXNoIjoiMGQ1MDdhZDM2MDU0ZGEyYTM2Mzk3ZmFmMGI1ODZiZDUyNTVhNWVjYiIsIl9zZXNzaW9uX2V4cGlyeSI6MH0=",
        "expire_date": "2018-09-18T05:18:25.311"
    }
},
{
    "model": "sessions.session",
    "pk": "y08ivd4sse8n0bals90fs2yvq0otj1jm",
    "fields": {
        "session_data": "YmRhNDk4YzIzZTYyZGY2OTk3YzRlMjIyODA0MzI2ODEyZjA3NGJmZjp7Il9hdXRoX3VzZXJfaWQiOiIyIiwiX2F1dGhfdXNlcl9iYWNrZW5kIjoiYWNjb3VudC5hdXRoX2JhY2tlbmRzLkVtYWlsQXV0aGVudGljYXRpb25CYWNrZW5kIiwiX2F1dGhfdXNlcl9oYXNoIjoiNTM1ZjI2N2ZmOTQyNjI2YjAzMjk2MjQ0YTU3MmE1MzUwMTZkYTdlYiIsIl9zZXNzaW9uX2V4cGlyeSI6MH0=",
        "expire_date": "2018-07-13T17:15:13.947"
    }
},
{
    "model": "sessions.session",
    "pk": "yefh5bfqwas3e3hdp07nv4ksbe7792t5",
    "fields": {
        "session_data": "ODdmYmU3ZjE5ZmZkYWFmOWVjZDQ1NDViY2VlZjM4YzQyMDliNGJmMjp7Il9hdXRoX3VzZXJfaWQiOiIxIiwiX2F1dGhfdXNlcl9iYWNrZW5kIjoiYWNjb3VudC5hdXRoX2JhY2tlbmRzLkVtYWlsQXV0aGVudGljYXRpb25CYWNrZW5kIiwiX2F1dGhfdXNlcl9oYXNoIjoiMjE1OTRlMTNhMjI4Y2JkYzUyYTk1MGY2NTYyYTkwMTI1OWVmNmZlMyIsIl9zZXNzaW9uX2V4cGlyeSI6MH0=",
        "expire_date": "2018-06-05T05:30:20.460"
    }
},
{
    "model": "sites.site",
    "fields": {
        "domain": "lifehqapp.com",
        "name": "lifehqapp.com"
    }
},
{
    "model": "account.account",
    "pk": 1,
    "fields": {
        "user": [
            "darko@mail1.com"
        ],
        "timezone": "",
        "language": ""
    }
},
{
    "model": "account.account",
    "pk": 2,
    "fields": {
        "user": [
            "kolev1@gmail.com"
        ],
        "timezone": "",
        "language": ""
    }
},
{
    "model": "account.account",
    "pk": 4,
    "fields": {
        "user": [
            "darko"
        ],
        "timezone": "",
        "language": "en-us"
    }
},
{
    "model": "account.account",
    "pk": 5,
    "fields": {
        "user": [
            "kolevdarko"
        ],
        "timezone": "",
        "language": "en-us"
    }
},
{
    "model": "account.account",
    "pk": 11,
    "fields": {
        "user": [
            "template@test.com"
        ],
        "timezone": "",
        "language": "en"
    }
},
{
    "model": "account.account",
    "pk": 12,
    "fields": {
        "user": [
            "ludvig@test2.com"
        ],
        "timezone": "",
        "language": "en"
    }
},
{
    "model": "account.account",
    "pk": 20,
    "fields": {
        "user": [
            "kolevdarko.work"
        ],
        "timezone": "",
        "language": "en-us"
    }
},
{
    "model": "account.account",
    "pk": 22,
    "fields": {
        "user": [
            "darko@new1.com"
        ],
        "timezone": "",
        "language": "en"
    }
},
{
    "model": "account.account",
    "pk": 23,
    "fields": {
        "user": [
            "darko@new2.com"
        ],
        "timezone": "",
        "language": "en"
    }
},
{
    "model": "account.account",
    "pk": 24,
    "fields": {
        "user": [
            "mladenovska.dragana"
        ],
        "timezone": "",
        "language": "en-us"
    }
},
{
    "model": "account.account",
    "pk": 26,
    "fields": {
        "user": [
            "darkokolev"
        ],
        "timezone": "",
        "language": "en-us"
    }
},
{
    "model": "account.emailaddress",
    "pk": 1,
    "fields": {
        "user": [
            "darko@mail1.com"
        ],
        "email": "kolev101@gmail.com",
        "verified": false,
        "primary": true
    }
},
{
    "model": "account.emailaddress",
    "pk": 2,
    "fields": {
        "user": [
            "kolev1@gmail.com"
        ],
        "email": "kolev44@gmail.com",
        "verified": false,
        "primary": true
    }
},
{
    "model": "account.emailaddress",
    "pk": 4,
    "fields": {
        "user": [
            "darko"
        ],
        "email": "darko@admin.com",
        "verified": false,
        "primary": true
    }
},
{
    "model": "account.emailaddress",
    "pk": 10,
    "fields": {
        "user": [
            "template@test.com"
        ],
        "email": "ludvig@test.com",
        "verified": false,
        "primary": true
    }
},
{
    "model": "account.emailaddress",
    "pk": 11,
    "fields": {
        "user": [
            "ludvig@test2.com"
        ],
        "email": "ludvig@test2.com",
        "verified": false,
        "primary": true
    }
},
{
    "model": "account.emailaddress",
    "pk": 19,
    "fields": {
        "user": [
            "kolevdarko.work"
        ],
        "email": "kolevdarko.work@gmail.com",
        "verified": false,
        "primary": true
    }
},
{
    "model": "account.emailaddress",
    "pk": 21,
    "fields": {
        "user": [
            "darko@new1.com"
        ],
        "email": "darko@new1.com",
        "verified": false,
        "primary": true
    }
},
{
    "model": "account.emailaddress",
    "pk": 22,
    "fields": {
        "user": [
            "darko@new2.com"
        ],
        "email": "darko@new2.com",
        "verified": true,
        "primary": true
    }
},
{
    "model": "account.emailaddress",
    "pk": 23,
    "fields": {
        "user": [
            "mladenovska.dragana"
        ],
        "email": "mladenovska.dragana@gmail.com",
        "verified": false,
        "primary": true
    }
},
{
    "model": "account.emailaddress",
    "pk": 25,
    "fields": {
        "user": [
            "darkokolev"
        ],
        "email": "darkokolev@gmail.com",
        "verified": false,
        "primary": true
    }
},
{
    "model": "account.emailconfirmation",
    "pk": 1,
    "fields": {
        "email_address": 1,
        "created": "2018-05-15T15:09:08.920",
        "sent": "2018-05-15T15:09:08.935",
        "key": "6c682414baec786f51a71d9908f45686210696b72d7147301a4aa26b7d431fc2"
    }
},
{
    "model": "account.emailconfirmation",
    "pk": 2,
    "fields": {
        "email_address": 2,
        "created": "2018-06-20T18:47:02.463",
        "sent": "2018-06-20T18:47:02.602",
        "key": "62a598dc4036558e4293f3b03ed8344bfa3a2934366eeb41cbe4f2bf22d18dcc"
    }
},
{
    "model": "account.emailconfirmation",
    "pk": 3,
    "fields": {
        "email_address": 2,
        "created": "2018-07-27T07:35:43.699",
        "sent": "2018-07-27T07:36:32.527",
        "key": "5183de7c33089f96d05fa1560d62d731b3ff10f7f8d825fa9ce216a946e83fc3"
    }
},
{
    "model": "account.emailconfirmation",
    "pk": 4,
    "fields": {
        "email_address": 2,
        "created": "2018-07-28T08:34:39.500",
        "sent": "2018-07-28T08:35:42.049",
        "key": "5a609fdc5eede6f95fbf79a871e3373763b246d26ac3162e71c6f3085c79abf2"
    }
},
{
    "model": "account.emailconfirmation",
    "pk": 5,
    "fields": {
        "email_address": 2,
        "created": "2018-07-28T09:12:25.213",
        "sent": "2018-07-28T09:12:26.436",
        "key": "7780cef7125af0ea2ce23abde5f16bff17b466ec4dfde7b1a9f1f5e687b83ab4"
    }
},
{
    "model": "account.emailconfirmation",
    "pk": 6,
    "fields": {
        "email_address": 2,
        "created": "2018-07-28T09:15:11.881",
        "sent": "2018-07-28T09:15:17.591",
        "key": "43d009c2b5752db62cb8c571b62b1a379f16315b0b1be5d1fa760e7755015ba3"
    }
},
{
    "model": "account.emailconfirmation",
    "pk": 7,
    "fields": {
        "email_address": 1,
        "created": "2018-07-28T09:35:40.305",
        "sent": "2018-07-28T09:35:41.085",
        "key": "56405db66661adbff027bb80083ff1e886b10be0b76a1d14b3861d638a94e5f0"
    }
},
{
    "model": "account.emailconfirmation",
    "pk": 8,
    "fields": {
        "email_address": 1,
        "created": "2018-07-28T09:36:40.198",
        "sent": "2018-07-28T09:36:40.220",
        "key": "68398d00b63fd04096cfdf6f5de0afb6acbe909a9af18eb5433a343fcef3d5eb"
    }
},
{
    "model": "account.emailconfirmation",
    "pk": 11,
    "fields": {
        "email_address": 21,
        "created": "2018-09-29T08:54:37.898",
        "sent": "2018-09-29T08:54:37.902",
        "key": "6144931401b7dd9a0551977e5bdf7acabb3bc4960be4c190b3b6258e91b0a335"
    }
},
{
    "model": "account.emailconfirmation",
    "pk": 12,
    "fields": {
        "email_address": 22,
        "created": "2018-09-29T08:56:16.610",
        "sent": "2018-09-29T08:56:16.614",
        "key": "02d4ce54d954513738a3efa6fdb117e63b83ec5f1fa95db3923604646c640269"
    }
},
{
    "model": "social_django.usersocialauth",
    "pk": 1,
    "fields": {
        "user": [
            "kolevdarko"
        ],
        "provider": "google-oauth2",
        "uid": "kolevdarko@gmail.com",
        "extra_data": "{\"auth_time\": 1534828848, \"expires\": 3599, \"token_type\": \"Bearer\", \"access_token\": \"ya29.Gl0ABsx3hkZ2bKIL4pCBt-D0k5LgCc0ErRVMEw7rYu-2Svy6pRfwp3h67AmChWNLYLjmFRMybO3RciwoGwpwTlhHq6b_cTj-w91ADk3wI-cuCLZMdMuRpv0k1rmmDPg\"}"
    }
},
{
    "model": "social_django.usersocialauth",
    "pk": 11,
    "fields": {
        "user": [
            "kolevdarko.work"
        ],
        "provider": "google-oauth2",
        "uid": "kolevdarko.work@gmail.com",
        "extra_data": "{\"auth_time\": 1538942690, \"expires\": 3599, \"token_type\": \"Bearer\", \"access_token\": \"ya29.Gl0vBm8K_WVreu4jL-VhdkQq8VL3NfvV27NmbasrzZ3A5frgvT36iXrEVVSAL5CFpvLgGn7OqzP3TCPCDcpuJ76GHuvzu1DjvcketwBEW2S_0jIKhed-spk7vbayQTA\"}"
    }
},
{
    "model": "social_django.usersocialauth",
    "pk": 12,
    "fields": {
        "user": [
            "mladenovska.dragana"
        ],
        "provider": "google-oauth2",
        "uid": "mladenovska.dragana@gmail.com",
        "extra_data": "{\"auth_time\": 1538214830, \"expires\": 3600, \"token_type\": \"Bearer\", \"access_token\": \"ya29.GlsnBt22d-XzgTQvOvwBJ4euTocSV-0G3H2-AI0hEslj8lc4T0qdkbWVwKGU9zhTrUR7dHORlup8rTcQmIY4K6mzBU4s-07Q4p74LQIMSnIRze3L7qjYdcGP4v6-\"}"
    }
},
{
    "model": "social_django.usersocialauth",
    "pk": 14,
    "fields": {
        "user": [
            "darkokolev"
        ],
        "provider": "google-oauth2",
        "uid": "darkokolev@gmail.com",
        "extra_data": "{\"auth_time\": 1538668346, \"expires\": 3600, \"token_type\": \"Bearer\", \"access_token\": \"ya29.GlwsBhBKu-8ps8bjMavKNrIrPWbGckOjjIsSvgfLS4-cqM4m79Vbn4Sul3oA3CfPljPDo7LqtWDW2GgrhIeS4vPYTIqI5s3PgAuzHjL6CPPnbXA53O3vcjAkBWmbHw\"}"
    }
},
{
    "model": "base.profile",
    "pk": 1,
    "fields": {
        "name": "Darko",
        "profile_type": "normal_user",
        "account": 1,
        "first_login": true,
        "first_habit": true,
        "first_journal": true,
        "first_knowledge": true,
        "first_today": true,
        "first_project": true,
        "first_proj_tasks": true,
        "first_proj_schedule": true,
        "first_proj_resource": true,
        "active_project_id": null
    }
},
{
    "model": "base.profile",
    "pk": 2,
    "fields": {
        "name": "Kolev",
        "profile_type": "normal_user",
        "account": 2,
        "first_login": true,
        "first_habit": true,
        "first_journal": true,
        "first_knowledge": true,
        "first_today": true,
        "first_project": true,
        "first_proj_tasks": true,
        "first_proj_schedule": true,
        "first_proj_resource": true,
        "active_project_id": null
    }
},
{
    "model": "base.profile",
    "pk": 3,
    "fields": {
        "name": "kolevdarko",
        "profile_type": "normal_user",
        "account": 5,
        "first_login": true,
        "first_habit": true,
        "first_journal": true,
        "first_knowledge": true,
        "first_today": true,
        "first_project": true,
        "first_proj_tasks": true,
        "first_proj_schedule": true,
        "first_proj_resource": true,
        "active_project_id": null
    }
},
{
    "model": "base.profile",
    "pk": 6,
    "fields": {
        "name": "L",
        "profile_type": "template_user",
        "account": 11,
        "first_login": false,
        "first_habit": true,
        "first_journal": true,
        "first_knowledge": true,
        "first_today": true,
        "first_project": true,
        "first_proj_tasks": true,
        "first_proj_schedule": true,
        "first_proj_resource": true,
        "active_project_id": null
    }
},
{
    "model": "base.profile",
    "pk": 7,
    "fields": {
        "name": "LL",
        "profile_type": "normal_user",
        "account": 12,
        "first_login": true,
        "first_habit": true,
        "first_journal": true,
        "first_knowledge": true,
        "first_today": true,
        "first_project": true,
        "first_proj_tasks": true,
        "first_proj_schedule": true,
        "first_proj_resource": true,
        "active_project_id": null
    }
},
{
    "model": "base.profile",
    "pk": 10,
    "fields": {
        "name": "Darko Admin",
        "profile_type": "normal_user",
        "account": 4,
        "first_login": false,
        "first_habit": true,
        "first_journal": true,
        "first_knowledge": true,
        "first_today": true,
        "first_project": true,
        "first_proj_tasks": true,
        "first_proj_schedule": true,
        "first_proj_resource": true,
        "active_project_id": null
    }
},
{
    "model": "base.profile",
    "pk": 16,
    "fields": {
        "name": "kolevdarko.work",
        "profile_type": "normal_user",
        "account": 20,
        "first_login": false,
        "first_habit": true,
        "first_journal": true,
        "first_knowledge": true,
        "first_today": false,
        "first_project": true,
        "first_proj_tasks": true,
        "first_proj_schedule": true,
        "first_proj_resource": true,
        "active_project_id": 12
    }
},
{
    "model": "base.profile",
    "pk": 18,
    "fields": {
        "name": "Dark",
        "profile_type": "normal_user",
        "account": 22,
        "first_login": true,
        "first_habit": true,
        "first_journal": true,
        "first_knowledge": true,
        "first_today": true,
        "first_project": true,
        "first_proj_tasks": true,
        "first_proj_schedule": true,
        "first_proj_resource": true,
        "active_project_id": null
    }
},
{
    "model": "base.profile",
    "pk": 19,
    "fields": {
        "name": "heyo",
        "profile_type": "normal_user",
        "account": 23,
        "first_login": true,
        "first_habit": true,
        "first_journal": true,
        "first_knowledge": true,
        "first_today": true,
        "first_project": true,
        "first_proj_tasks": true,
        "first_proj_schedule": true,
        "first_proj_resource": true,
        "active_project_id": null
    }
},
{
    "model": "base.profile",
    "pk": 20,
    "fields": {
        "name": "mladenovska.dragana",
        "profile_type": "normal_user",
        "account": 24,
        "first_login": true,
        "first_habit": true,
        "first_journal": true,
        "first_knowledge": true,
        "first_today": true,
        "first_project": true,
        "first_proj_tasks": true,
        "first_proj_schedule": true,
        "first_proj_resource": true,
        "active_project_id": null
    }
},
{
    "model": "base.profile",
    "pk": 22,
    "fields": {
        "name": "darkokolev",
        "profile_type": "normal_user",
        "account": 26,
        "first_login": false,
        "first_habit": true,
        "first_journal": true,
        "first_knowledge": true,
        "first_today": true,
        "first_project": true,
        "first_proj_tasks": true,
        "first_proj_schedule": true,
        "first_proj_resource": true,
        "active_project_id": null
    }
},
{
    "model": "base.project",
    "pk": 1,
    "fields": {
        "name": "Commonpacing blog",
        "description": "Greatest blog ever",
        "deadline": null,
        "user": 1,
        "project_type": "normal",
        "log_start": null
    }
},
{
    "model": "base.project",
    "pk": 2,
    "fields": {
        "name": "Martial Arts podcast",
        "description": "",
        "deadline": null,
        "user": 1,
        "project_type": "normal",
        "log_start": null
    }
},
{
    "model": "base.project",
    "pk": 3,
    "fields": {
        "name": "Future Tech Blog",
        "description": "",
        "deadline": null,
        "user": 2,
        "project_type": "normal",
        "log_start": null
    }
},
{
    "model": "base.project",
    "pk": 4,
    "fields": {
        "name": "Commonplace MVP",
        "description": "All the sections of the project should be good enough",
        "deadline": null,
        "user": 2,
        "project_type": "normal",
        "log_start": null
    }
},
{
    "model": "base.project",
    "pk": 5,
    "fields": {
        "name": "Test project",
        "description": "",
        "deadline": null,
        "user": 2,
        "project_type": "normal",
        "log_start": null
    }
},
{
    "model": "base.project",
    "pk": 6,
    "fields": {
        "name": "another test project",
        "description": "",
        "deadline": null,
        "user": 2,
        "project_type": "normal",
        "log_start": null
    }
},
{
    "model": "base.project",
    "pk": 7,
    "fields": {
        "name": "and another one",
        "description": "",
        "deadline": null,
        "user": 2,
        "project_type": "normal",
        "log_start": null
    }
},
{
    "model": "base.project",
    "pk": 11,
    "fields": {
        "name": "LifeHQ",
        "description": "The road to the Ultimate Productivity System",
        "deadline": "2018-10-01",
        "user": 16,
        "project_type": "normal",
        "log_start": null
    }
},
{
    "model": "base.project",
    "pk": 12,
    "fields": {
        "name": "Marketing",
        "description": "",
        "deadline": "2018-09-21",
        "user": 16,
        "project_type": "normal",
        "log_start": "2018-10-08T05:49:53.550"
    }
},
{
    "model": "base.project",
    "pk": 13,
    "fields": {
        "name": "Test project",
        "description": "something something",
        "deadline": "2018-09-28",
        "user": 16,
        "project_type": "normal",
        "log_start": null
    }
},
{
    "model": "base.project",
    "pk": 14,
    "fields": {
        "name": "Alexa project",
        "description": "Build Alexa flash briefing skill from phone",
        "deadline": "2018-12-31",
        "user": 16,
        "project_type": "normal",
        "log_start": null
    }
},
{
    "model": "base.project",
    "pk": 15,
    "fields": {
        "name": "Become LifeHQ Ninja",
        "description": "Set up and use LifeHQ like a Pro\r\n",
        "deadline": "2019-11-01",
        "user": 16,
        "project_type": "template-intro",
        "log_start": "2018-10-07T19:41:13.293"
    }
},
{
    "model": "base.project",
    "pk": 16,
    "fields": {
        "name": "Test projjj",
        "description": "In the future",
        "deadline": "2018-11-09",
        "user": 16,
        "project_type": "normal",
        "log_start": null
    }
},
{
    "model": "base.project",
    "pk": 17,
    "fields": {
        "name": "Test projjj",
        "description": "In the future",
        "deadline": "2018-11-09",
        "user": 16,
        "project_type": "normal",
        "log_start": null
    }
},
{
    "model": "base.project",
    "pk": 18,
    "fields": {
        "name": "projit",
        "description": "",
        "deadline": "2018-09-30",
        "user": 16,
        "project_type": "normal",
        "log_start": null
    }
},
{
    "model": "base.project",
    "pk": 19,
    "fields": {
        "name": "asdf",
        "description": "",
        "deadline": "2018-10-04",
        "user": 16,
        "project_type": "normal",
        "log_start": null
    }
},
{
    "model": "base.project",
    "pk": 20,
    "fields": {
        "name": "tester",
        "description": "somethgin",
        "deadline": "2018-09-30",
        "user": 16,
        "project_type": "normal",
        "log_start": null
    }
},
{
    "model": "base.project",
    "pk": 21,
    "fields": {
        "name": "So deadline event",
        "description": "",
        "deadline": "2018-10-06",
        "user": 16,
        "project_type": "normal",
        "log_start": null
    }
},
{
    "model": "base.project",
    "pk": 22,
    "fields": {
        "name": "Manual copy",
        "description": "",
        "deadline": "2018-09-30",
        "user": 16,
        "project_type": "normal",
        "log_start": null
    }
},
{
    "model": "base.project",
    "pk": 24,
    "fields": {
        "name": "BitcoinAverage",
        "description": "Yes",
        "deadline": "2018-10-31",
        "user": 16,
        "project_type": "normal",
        "log_start": null
    }
},
{
    "model": "base.project",
    "pk": 25,
    "fields": {
        "name": "Become LifeHQ Ninja",
        "description": "Set up and use LifeHQ like a Pro\r\n",
        "deadline": "2018-10-11",
        "user": 22,
        "project_type": "normal",
        "log_start": null
    }
},
{
    "model": "base.projectpage",
    "pk": 1,
    "fields": {
        "title": "Swipe file",
        "content": "<ul><li>My first ever swipe file here:</li></ul><p><br></p><h3>Section 1</h3><p>It all starte with a bang</p><p><br></p><p><br></p><p>Something even greater brahhs</p>",
        "project": 1
    }
},
{
    "model": "base.projectpage",
    "pk": 3,
    "fields": {
        "title": "Swipe file",
        "content": "<p>My first ever swipe file here:</p><p>1. Ideas for design:&nbsp; How about now</p>",
        "project": 1
    }
},
{
    "model": "base.projectpage",
    "pk": 5,
    "fields": {
        "title": "Design inspirations",
        "content": "<p><u>Iphone X</u></p><p><b>Beasselled design, trully beautifull</b></p><p><iframe frameborder=\"0\" src=\"//www.youtube.com/embed/OJfOsoUYPts\" width=\"640\" height=\"360\" class=\"note-video-clip\"></iframe><br></p>",
        "project": 3
    }
},
{
    "model": "base.projectpage",
    "pk": 6,
    "fields": {
        "title": "Let's do all the things",
        "content": "<p>doing the things</p>",
        "project": 4
    }
},
{
    "model": "base.projectpage",
    "pk": 9,
    "fields": {
        "title": "Social media strategies",
        "content": "<p><span style=\"font-size: 40px;\">Strategy</span></p><p><span style=\"font-size: 25px;\">Create long blog posts, with stuff for download etc.</span></p><p><span style=\"font-size: 25px;\">Then create micro contents from the long posts.</span></p><p><span style=\"font-size: 25px;\">On personal account share computer pics, books I've read and notes from them.</span></p><p><span style=\"font-size: 25px;\">Also daily usage of LifeHQ like lists, journal, habits.</span></p><p><span style=\"font-size: 25px;\"><br></span></p><p><span style=\"font-size: 25px;\">On LifeHQ account</span></p><p><span style=\"font-size: 16px;\">\ufeff</span>&nbsp; &nbsp; Share Pro tips every other day, on instagram.</p><p>&nbsp; &nbsp; Share blog snippets and share on fb&nbsp;<br></p><p>&nbsp;&nbsp;&nbsp;&nbsp;<span style=\"font-size: 25px;\"><br></span></p><p><br></p><p><span style=\"font-size: 25px;\">Lead gen</span></p><p>Create email course and pdf with productivity tips and how to set up your system</p><p>Shoot email to Ludvig once the site is live on beta</p><p><br></p><p><span style=\"font-size: 40px;\"><br></span></p>",
        "project": 11
    }
},
{
    "model": "base.projectpage",
    "pk": 10,
    "fields": {
        "title": "Article ideas",
        "content": "<ol><li>Don't read books, study them</li><li>What is a productivity system?</li><li>Building a Digital Commonplace with LifeHQ</li></ol><p><span style=\"font-size: 25px; font-family: -apple-system, BlinkMacSystemFont, Helvetica, Arial, sans-serif;\"><br></span></p><p><span style=\"font-size: 25px; font-family: -apple-system, BlinkMacSystemFont, Helvetica, Arial, sans-serif;\">\ufeffMy Journal - 5 things I track in my journal</span></p><p><span style=\"font-size: 25px;\">&nbsp;&nbsp;&nbsp;&nbsp;</span><span style=\"font-size: 25px;\"><span style=\"font-size: 16px;\">Track my goals, split them up and conquer them</span></span></p><p>&nbsp; &nbsp; Check myself, productivity holes, what I eat etc.</p><p><span style=\"font-size: 25px;\"><span style=\"font-size: 16px;\">Multiple productivity apps vs one --- DONE</span></span></p><p><span style=\"font-size: 25px;\">Knowledge base</span><span style=\"font-size: 25px;\">\ufeff</span></p><p>&nbsp; &nbsp;Best practices, Book summaries, lessons, mistakes, Ideas, Brainstormes, Swipe files<br></p><p><span style=\"font-size: 25px;\"><br></span>Evernote vs OneNote vs LifeHQ</p><p>Evernote alternatives</p><p>Daily todo's the night before: Important, Urgent, all else</p><p>Treating things like projects</p><p>Building your legacy: writing memoirs, books, articles</p><p>5 different types of journal</p><p>Take a peek inside my knowledge base</p><p>Apps are great but sometimes pen and paper trump everything</p><p>&nbsp; &nbsp; The motor function of the hand to eye to brain coordination makes these things stick more<br></p>",
        "project": 12
    }
},
{
    "model": "base.projectpage",
    "pk": 11,
    "fields": {
        "title": "Pro Tips",
        "content": "<p>Pro Tip #1.</p><p>Do More to Get More</p><p>All successful entrepreneurs are asked, when did you know you made it.</p><p>And they all have to think about it, no one has a defining moment.</p><p>That's because their success comes from gaining advantage day by day, little by little.</p><p>The things that successful and average entrepreneurs are not very different.</p><p>The successful ones simply Do more of it and they do it Every Day.</p><p>Over time they gain an advantage, it's only fair.</p><p>As long as you don't quit, what else can happen?</p><p>Tag your lazy friend that needs to hear this bellow.</p><p><br></p><p>Pro Tip #2</p><p>There is no Rocket Science</p><p>There are only things you know and things you don't know</p><p><br></p>",
        "project": 12
    }
},
{
    "model": "base.projectpage",
    "pk": 12,
    "fields": {
        "title": "Marketing from Content Marketing",
        "content": "<p>Write for famous publications</p><p><br></p><p>Where the community is</p><p>Create a checklist out of this that I can check and refresh for every article</p><p><br></p><p>Slack channels</p><p>Facebook groups</p><p>Reddit post article</p><p>LinkedIn Article</p><p>LinkedIn Groups</p><p>Quora article</p><p>Medium</p><p>Steem</p><p><b>Message to all LinkedIn Contacts</b></p><p><b>Collect a bunch of LinkedIn profiles</b></p><p><b><br></b></p>",
        "project": 12
    }
},
{
    "model": "base.projectpage",
    "pk": 13,
    "fields": {
        "title": "Content upgrades",
        "content": "<p><span style=\"font-size: 40px;\">Productivity lessons from Giants.</span></p><p><span style=\"font-size: 16px;\">Productivity hacks of successful people you can implement today.</span></p><p><span style=\"font-size: 16px;\"><br></span></p><p><span style=\"font-size: 16px;\">Ben Franklin productivity case study.</span></p><p><span style=\"font-size: 16px;\">Napoleon case study.</span></p><p><span style=\"font-size: 16px;\">More historical case studies.</span></p><p><span style=\"font-size: 16px;\"><br></span></p><p><span style=\"font-size: 25px;\">BitcoinAverage</span></p><p><span style=\"font-size: 16px;\"><br></span></p><p><span style=\"font-size: 16px;\">Case study of Coins.</span></p><p><span style=\"font-size: 16px;\">5 Biggest drivers of the Crypto market</span></p><p><span style=\"font-size: 16px;\">The Cryptocurrency OGs</span></p><p>&nbsp;&nbsp;&nbsp;&nbsp;&nbsp; &nbsp; People case studies<br></p><p><span style=\"font-size: 40px;\"><br></span></p><p><br></p>",
        "project": 12
    }
},
{
    "model": "base.projectpage",
    "pk": 14,
    "fields": {
        "title": "People to contact, Publications to write at",
        "content": "<p><span style=\"font-size: 25px;\">Ask for a small favor, like Ludvig and Ben Franklin did.</span></p><p><span style=\"font-size: 25px;\"><br></span></p><p><span style=\"font-size: 25px;\">\ufeffPUBLICATIONS</span><br></p><p>Medium: Personal Growth:&nbsp;<a href=\"https://medium.com/personal-growth/how-to-boost-your-productivity-with-benjamin-franklins-powerful-strategy-43bf0ee0f6d6\">https://medium.com/personal-growth/how-to-boost-your-productivity-with-benjamin-franklins-powerful-strategy-43bf0ee0f6d6</a></p><p>The Mission</p><p>LifeHacker</p><p><br></p><p><br></p><p><span style=\"font-size: 25px;\">PEOPLE</span></p><p><span style=\"font-size: 25px;\">https://www.quora.com/profile/Giedrius-Reklaitis</span></p><p><span style=\"font-size: 16px;\">\ufeffNicole Bianchi:&nbsp;</span><a href=\"https://nicolebianchi.com/\">https://nicolebianchi.com/</a></p><p>Benjamin Hardi</p><p><br></p>",
        "project": 12
    }
},
{
    "model": "base.projectpage",
    "pk": 15,
    "fields": {
        "title": "Things to read",
        "content": "<p>Bamf Bible</p><p>Email Sequence from HeadHunt</p><p><br></p><p><a href=\"https://lifehacker.com/benjamin-franklins-best-productivity-tricks-637033563\">https://lifehacker.com/benjamin-franklins-best-productivity-tricks-637033563</a></p><p>https://medium.com/getting-art-done/this-creative-productivity-system-quadrupled-my-creative-productivity-and-helped-me-publish-three-a6a3440025c0</p><p><br></p>",
        "project": 12
    }
},
{
    "model": "base.projectpage",
    "pk": 16,
    "fields": {
        "title": "Social Media Daily Checklist",
        "content": "<p><br></p><h2>Morning session</h2><p>1. Code in the morning</p><p>2. Snap a pic of the coding, result, maybe a thought.</p><p>3. Share random thought or variation of Pro Tip on Twitter and engage in Twitter</p><p>4. Answer on Quora</p><p><br></p><h2>Evening</h2><h4><span style=\"font-size: 16px;\">Write the article.</span><span style=\"font-size: 16px;\">\ufeff</span><span style=\"font-size: 16px;\">\ufeff</span><span style=\"font-size: 16px;\">\ufeff</span><span style=\"font-size: 16px;\">\ufeff</span><span style=\"font-size: 16px;\">\ufeff</span></h4><p>Share thought from the article on Insta and Twitter.</p><p>Read for a bit. Share from that.</p><p>Share from code if you have</p><p><br></p>",
        "project": 12
    }
},
{
    "model": "base.projectpage",
    "pk": 17,
    "fields": {
        "title": "Intro",
        "content": "<p>How to use LifeHQ.</p><p>How the habits work</p><p>How the projects work</p><p>How the goals should be set</p><p>How the todo should be set</p>",
        "project": 15
    }
},
{
    "model": "base.projectpage",
    "pk": 18,
    "fields": {
        "title": "Intro",
        "content": "<p>How to use LifeHQ.</p><p>How the habits work</p><p>How the projects work</p><p>How the goals should be set</p><p>How the todo should be set</p>",
        "project": 12
    }
},
{
    "model": "base.projectpage",
    "pk": 19,
    "fields": {
        "title": "Intro",
        "content": "<p>How to use LifeHQ.</p><p>How the habits work</p><p>How the projects work</p><p>How the goals should be set</p><p>How the todo should be set</p>",
        "project": 22
    }
},
{
    "model": "base.projectpage",
    "pk": 20,
    "fields": {
        "title": "Intro",
        "content": "<p>How to use LifeHQ.</p><p>How the habits work</p><p>How the projects work</p><p>How the goals should be set</p><p>How the todo should be set</p>",
        "project": 22
    }
},
{
    "model": "base.projectpage",
    "pk": 22,
    "fields": {
        "title": "Intro",
        "content": "<p>How to use LifeHQ.</p><p>How the habits work</p><p>How the projects work</p><p>How the goals should be set</p><p>How the todo should be set</p>",
        "project": 25
    }
},
{
    "model": "base.projecttodolist",
    "pk": 17,
    "fields": {
        "title": "First List",
        "itemsOrder": "41,42,44,43,45,46,47,48,49",
        "priority": null,
        "project": 3,
        "archived": false
    }
},
{
    "model": "base.projecttodolist",
    "pk": 18,
    "fields": {
        "title": "Second list",
        "itemsOrder": "",
        "priority": null,
        "project": 3,
        "archived": false
    }
},
{
    "model": "base.projecttodolist",
    "pk": 19,
    "fields": {
        "title": "Third list",
        "itemsOrder": "55",
        "priority": null,
        "project": 3,
        "archived": false
    }
},
{
    "model": "base.projecttodolist",
    "pk": 20,
    "fields": {
        "title": "Fourth one",
        "itemsOrder": "52,53,54,56,57",
        "priority": null,
        "project": 3,
        "archived": false
    }
},
{
    "model": "base.projecttodolist",
    "pk": 21,
    "fields": {
        "title": "fifth One",
        "itemsOrder": "50,51,58,59",
        "priority": null,
        "project": 3,
        "archived": false
    }
},
{
    "model": "base.projecttodolist",
    "pk": 22,
    "fields": {
        "title": "Mobile design",
        "itemsOrder": "60",
        "priority": null,
        "project": 4,
        "archived": false
    }
},
{
    "model": "base.projecttodolist",
    "pk": 23,
    "fields": {
        "title": "Journal module",
        "itemsOrder": "61,62",
        "priority": null,
        "project": 4,
        "archived": false
    }
},
{
    "model": "base.projecttodolist",
    "pk": 24,
    "fields": {
        "title": "aha",
        "itemsOrder": "63,64,65,66,67",
        "priority": null,
        "project": 1,
        "archived": false
    }
},
{
    "model": "base.projecttodolist",
    "pk": 25,
    "fields": {
        "title": "lol",
        "itemsOrder": "68,69,70",
        "priority": null,
        "project": 1,
        "archived": false
    }
},
{
    "model": "base.projecttodolist",
    "pk": 33,
    "fields": {
        "title": "Software Tasks",
        "itemsOrder": "87,88,90,104,105,106,107,108,109,110,111,112,113,116,123,124,125,126,127,128,129,131",
        "priority": null,
        "project": 11,
        "archived": false
    }
},
{
    "model": "base.projecttodolist",
    "pk": 34,
    "fields": {
        "title": "First user experience",
        "itemsOrder": "89,91,92,93,94,114,122,135,136",
        "priority": null,
        "project": 11,
        "archived": false
    }
},
{
    "model": "base.projecttodolist",
    "pk": 35,
    "fields": {
        "title": "Marketing",
        "itemsOrder": "95,96,97,98",
        "priority": null,
        "project": 11,
        "archived": true
    }
},
{
    "model": "base.projecttodolist",
    "pk": 36,
    "fields": {
        "title": "Content marketing",
        "itemsOrder": "101,102,103,132,133",
        "priority": null,
        "project": 12,
        "archived": false
    }
},
{
    "model": "base.projecttodolist",
    "pk": 37,
    "fields": {
        "title": "Email",
        "itemsOrder": "99,100,117",
        "priority": null,
        "project": 12,
        "archived": false
    }
},
{
    "model": "base.projecttodolist",
    "pk": 38,
    "fields": {
        "title": "Before publish",
        "itemsOrder": "115",
        "priority": null,
        "project": 11,
        "archived": true
    }
},
{
    "model": "base.projecttodolist",
    "pk": 39,
    "fields": {
        "title": "Publishing to server",
        "itemsOrder": "118,119,120,121",
        "priority": null,
        "project": 11,
        "archived": false
    }
},
{
    "model": "base.projecttodolist",
    "pk": 40,
    "fields": {
        "title": "Validate the idea",
        "itemsOrder": "130",
        "priority": null,
        "project": 14,
        "archived": false
    }
},
{
    "model": "base.projecttodolist",
    "pk": 41,
    "fields": {
        "title": "Important Software tasks",
        "itemsOrder": "134,145,165,166,167,168,169",
        "priority": null,
        "project": 11,
        "archived": false
    }
},
{
    "model": "base.projecttodolist",
    "pk": 43,
    "fields": {
        "title": "Setup LifeHQ workspace",
        "itemsOrder": "137,138,141,139,140,142,143",
        "priority": null,
        "project": 15,
        "archived": false
    }
},
{
    "model": "base.projecttodolist",
    "pk": 44,
    "fields": {
        "title": "Create personal project",
        "itemsOrder": "144",
        "priority": null,
        "project": 15,
        "archived": false
    }
},
{
    "model": "base.projecttodolist",
    "pk": 47,
    "fields": {
        "title": "Setup LifeHQ workspace",
        "itemsOrder": "146,147,148,149,150,151",
        "priority": null,
        "project": 22,
        "archived": false
    }
},
{
    "model": "base.projecttodolist",
    "pk": 48,
    "fields": {
        "title": "Create personal project",
        "itemsOrder": "152",
        "priority": null,
        "project": 22,
        "archived": false
    }
},
{
    "model": "base.projecttodolist",
    "pk": 51,
    "fields": {
        "title": "Stuff",
        "itemsOrder": "160",
        "priority": null,
        "project": 12,
        "archived": false
    }
},
{
    "model": "base.projecttodolist",
    "pk": 53,
    "fields": {
        "title": "Articles",
        "itemsOrder": "161,162,163",
        "priority": null,
        "project": 24,
        "archived": false
    }
},
{
    "model": "base.projecttodolist",
    "pk": 54,
    "fields": {
        "title": "Programming",
        "itemsOrder": "",
        "priority": null,
        "project": 24,
        "archived": false
    }
},
{
    "model": "base.projecttodolist",
    "pk": 55,
    "fields": {
        "title": "Marketing",
        "itemsOrder": "164",
        "priority": null,
        "project": 24,
        "archived": false
    }
},
{
    "model": "base.projecttodolist",
    "pk": 56,
    "fields": {
        "title": "bugs",
        "itemsOrder": "",
        "priority": null,
        "project": 11,
        "archived": false
    }
},
{
    "model": "base.projecttodolist",
    "pk": 57,
    "fields": {
        "title": "Setup LifeHQ workspace",
        "itemsOrder": "170,171,172,173,174,175",
        "priority": null,
        "project": 25,
        "archived": false
    }
},
{
    "model": "base.projecttodolist",
    "pk": 58,
    "fields": {
        "title": "Create personal project",
        "itemsOrder": "176",
        "priority": null,
        "project": 25,
        "archived": false
    }
},
{
    "model": "base.projecttodolist",
    "pk": 59,
    "fields": {
        "title": "This WEEK",
        "itemsOrder": "177,178,179",
        "priority": null,
        "project": 12,
        "archived": false
    }
},
{
    "model": "base.personaltodolist",
    "pk": 1,
    "fields": {
        "title": "Bonus",
        "itemsOrder": "",
        "priority": 2,
        "user": 1
    }
},
{
    "model": "base.personaltodolist",
    "pk": 2,
    "fields": {
        "title": "Important",
        "itemsOrder": "",
        "priority": 1,
        "user": 1
    }
},
{
    "model": "base.personaltodolist",
    "pk": 4,
    "fields": {
        "title": "Extra",
        "itemsOrder": "",
        "priority": 3,
        "user": 1
    }
},
{
    "model": "base.personaltodolist",
    "pk": 5,
    "fields": {
        "title": "Important",
        "itemsOrder": "57,55,61,62,63,74,75,76,83,77,78,80,81,82,84",
        "priority": 1,
        "user": 2
    }
},
{
    "model": "base.personaltodolist",
    "pk": 6,
    "fields": {
        "title": "Secondary",
        "itemsOrder": "58,60,59,64,85,86,87",
        "priority": 2,
        "user": 2
    }
},
{
    "model": "base.personaltodolist",
    "pk": 7,
    "fields": {
        "title": "Other",
        "itemsOrder": "65,66,67,68,69,70,71,72,73,79",
        "priority": 3,
        "user": 2
    }
},
{
    "model": "base.personaltodolist",
    "pk": 8,
    "fields": {
        "title": "Important",
        "itemsOrder": "",
        "priority": 1,
        "user": 3
    }
},
{
    "model": "base.personaltodolist",
    "pk": 9,
    "fields": {
        "title": "Secondary",
        "itemsOrder": "",
        "priority": 2,
        "user": 3
    }
},
{
    "model": "base.personaltodolist",
    "pk": 10,
    "fields": {
        "title": "Other",
        "itemsOrder": "",
        "priority": 3,
        "user": 3
    }
},
{
    "model": "base.personaltodolist",
    "pk": 14,
    "fields": {
        "title": "Important",
        "itemsOrder": "",
        "priority": 1,
        "user": 6
    }
},
{
    "model": "base.personaltodolist",
    "pk": 15,
    "fields": {
        "title": "Urgent",
        "itemsOrder": "",
        "priority": 2,
        "user": 6
    }
},
{
    "model": "base.personaltodolist",
    "pk": 16,
    "fields": {
        "title": "Extra",
        "itemsOrder": "",
        "priority": 3,
        "user": 6
    }
},
{
    "model": "base.personaltodolist",
    "pk": 17,
    "fields": {
        "title": "Important",
        "itemsOrder": "",
        "priority": 1,
        "user": 7
    }
},
{
    "model": "base.personaltodolist",
    "pk": 18,
    "fields": {
        "title": "Urgent",
        "itemsOrder": "",
        "priority": 2,
        "user": 7
    }
},
{
    "model": "base.personaltodolist",
    "pk": 19,
    "fields": {
        "title": "Extra",
        "itemsOrder": "",
        "priority": 3,
        "user": 7
    }
},
{
    "model": "base.personaltodolist",
    "pk": 41,
    "fields": {
        "title": "Important",
        "itemsOrder": "125,198,161,197,127,157,126,128,129,130,131,132,133,137,138,139,140,141,142,145,146,147,148,153,155,156,158,159,160,162,163,164,165,166,167,168,169,178,179,180,181,182,191,192,193,194,195,196,199,200,201,202,203,204,205,213,214,215,218",
        "priority": 1,
        "user": 16
    }
},
{
    "model": "base.personaltodolist",
    "pk": 42,
    "fields": {
        "title": "Urgent",
        "itemsOrder": "150,134,135,136,216,217",
        "priority": 2,
        "user": 16
    }
},
{
    "model": "base.personaltodolist",
    "pk": 43,
    "fields": {
        "title": "Extra",
        "itemsOrder": "151,152,154",
        "priority": 3,
        "user": 16
    }
},
{
    "model": "base.personaltodolist",
    "pk": 47,
    "fields": {
        "title": "Important",
        "itemsOrder": "172,173",
        "priority": 1,
        "user": 18
    }
},
{
    "model": "base.personaltodolist",
    "pk": 48,
    "fields": {
        "title": "Urgent",
        "itemsOrder": "",
        "priority": 2,
        "user": 18
    }
},
{
    "model": "base.personaltodolist",
    "pk": 49,
    "fields": {
        "title": "Extra",
        "itemsOrder": "",
        "priority": 3,
        "user": 18
    }
},
{
    "model": "base.personaltodolist",
    "pk": 50,
    "fields": {
        "title": "Important",
        "itemsOrder": "174,175",
        "priority": 1,
        "user": 19
    }
},
{
    "model": "base.personaltodolist",
    "pk": 51,
    "fields": {
        "title": "Urgent",
        "itemsOrder": "",
        "priority": 2,
        "user": 19
    }
},
{
    "model": "base.personaltodolist",
    "pk": 52,
    "fields": {
        "title": "Extra",
        "itemsOrder": "",
        "priority": 3,
        "user": 19
    }
},
{
    "model": "base.personaltodolist",
    "pk": 53,
    "fields": {
        "title": "Important",
        "itemsOrder": "176,177",
        "priority": 1,
        "user": 20
    }
},
{
    "model": "base.personaltodolist",
    "pk": 54,
    "fields": {
        "title": "Urgent",
        "itemsOrder": "",
        "priority": 2,
        "user": 20
    }
},
{
    "model": "base.personaltodolist",
    "pk": 55,
    "fields": {
        "title": "Extra",
        "itemsOrder": "",
        "priority": 3,
        "user": 20
    }
},
{
    "model": "base.personaltodolist",
    "pk": 59,
    "fields": {
        "title": "Important",
        "itemsOrder": "210,206,207,209",
        "priority": 1,
        "user": 22
    }
},
{
    "model": "base.personaltodolist",
    "pk": 60,
    "fields": {
        "title": "Urgent",
        "itemsOrder": "211,212",
        "priority": 2,
        "user": 22
    }
},
{
    "model": "base.personaltodolist",
    "pk": 61,
    "fields": {
        "title": "Extra",
        "itemsOrder": "",
        "priority": 3,
        "user": 22
    }
},
{
    "model": "base.projecttodoitem",
    "pk": 41,
    "fields": {
        "title": "First todo",
        "completed": true,
        "completed_on": "2018-06-27T06:59:45.508",
        "todo_list": 17,
        "added_to_master": true
    }
},
{
    "model": "base.projecttodoitem",
    "pk": 42,
    "fields": {
        "title": "Second todo",
        "completed": false,
        "completed_on": null,
        "todo_list": 17,
        "added_to_master": true
    }
},
{
    "model": "base.projecttodoitem",
    "pk": 43,
    "fields": {
        "title": "Third todo",
        "completed": true,
        "completed_on": "2018-06-28T17:27:56.084",
        "todo_list": 17,
        "added_to_master": true
    }
},
{
    "model": "base.projecttodoitem",
    "pk": 44,
    "fields": {
        "title": "Fourth to-doz",
        "completed": true,
        "completed_on": "2018-06-29T18:02:11.423",
        "todo_list": 17,
        "added_to_master": true
    }
},
{
    "model": "base.projecttodoitem",
    "pk": 45,
    "fields": {
        "title": "fourth",
        "completed": true,
        "completed_on": "2018-06-29T10:18:00.737",
        "todo_list": 17,
        "added_to_master": true
    }
},
{
    "model": "base.projecttodoitem",
    "pk": 46,
    "fields": {
        "title": "fifth to-doez",
        "completed": false,
        "completed_on": null,
        "todo_list": 17,
        "added_to_master": true
    }
},
{
    "model": "base.projecttodoitem",
    "pk": 47,
    "fields": {
        "title": "easy does it",
        "completed": false,
        "completed_on": null,
        "todo_list": 17,
        "added_to_master": true
    }
},
{
    "model": "base.projecttodoitem",
    "pk": 48,
    "fields": {
        "title": "damn1",
        "completed": false,
        "completed_on": null,
        "todo_list": 17,
        "added_to_master": true
    }
},
{
    "model": "base.projecttodoitem",
    "pk": 49,
    "fields": {
        "title": "damn 2",
        "completed": false,
        "completed_on": null,
        "todo_list": 17,
        "added_to_master": false
    }
},
{
    "model": "base.projecttodoitem",
    "pk": 50,
    "fields": {
        "title": "something fun",
        "completed": false,
        "completed_on": null,
        "todo_list": 21,
        "added_to_master": false
    }
},
{
    "model": "base.projecttodoitem",
    "pk": 51,
    "fields": {
        "title": "even more fun",
        "completed": false,
        "completed_on": null,
        "todo_list": 21,
        "added_to_master": false
    }
},
{
    "model": "base.projecttodoitem",
    "pk": 52,
    "fields": {
        "title": "boring but important",
        "completed": false,
        "completed_on": null,
        "todo_list": 20,
        "added_to_master": false
    }
},
{
    "model": "base.projecttodoitem",
    "pk": 53,
    "fields": {
        "title": "people look for the shortcut",
        "completed": false,
        "completed_on": null,
        "todo_list": 20,
        "added_to_master": false
    }
},
{
    "model": "base.projecttodoitem",
    "pk": 54,
    "fields": {
        "title": "but if you came looking for it, you won't find it",
        "completed": false,
        "completed_on": null,
        "todo_list": 20,
        "added_to_master": false
    }
},
{
    "model": "base.projecttodoitem",
    "pk": 55,
    "fields": {
        "title": "there is only, hard work, late nights, early mornings, practice, rehersal",
        "completed": false,
        "completed_on": null,
        "todo_list": 19,
        "added_to_master": false
    }
},
{
    "model": "base.projecttodoitem",
    "pk": 57,
    "fields": {
        "title": "be prepared to show bigger text, something like this poem that goes like: al lalala llalal lalal lalal la laal la la lala la l al ala\n",
        "completed": false,
        "completed_on": null,
        "todo_list": 20,
        "added_to_master": false
    }
},
{
    "model": "base.projecttodoitem",
    "pk": 58,
    "fields": {
        "title": "slkdfjslad;fjals;kfj\n",
        "completed": false,
        "completed_on": null,
        "todo_list": 21,
        "added_to_master": false
    }
},
{
    "model": "base.projecttodoitem",
    "pk": 59,
    "fields": {
        "title": "sldkjlsdafkjasldfkjasdj;kj \n",
        "completed": false,
        "completed_on": null,
        "todo_list": 21,
        "added_to_master": false
    }
},
{
    "model": "base.projecttodoitem",
    "pk": 60,
    "fields": {
        "title": "Test homepage, create it responsive",
        "completed": false,
        "completed_on": null,
        "todo_list": 22,
        "added_to_master": false
    }
},
{
    "model": "base.projecttodoitem",
    "pk": 61,
    "fields": {
        "title": "Improve design of scheduling modal",
        "completed": false,
        "completed_on": null,
        "todo_list": 23,
        "added_to_master": false
    }
},
{
    "model": "base.projecttodoitem",
    "pk": 62,
    "fields": {
        "title": "gjhj\n",
        "completed": false,
        "completed_on": null,
        "todo_list": 23,
        "added_to_master": false
    }
},
{
    "model": "base.projecttodoitem",
    "pk": 63,
    "fields": {
        "title": "first",
        "completed": false,
        "completed_on": null,
        "todo_list": 24,
        "added_to_master": false
    }
},
{
    "model": "base.projecttodoitem",
    "pk": 64,
    "fields": {
        "title": "second",
        "completed": true,
        "completed_on": "2018-08-01T16:18:03.865",
        "todo_list": 24,
        "added_to_master": false
    }
},
{
    "model": "base.projecttodoitem",
    "pk": 65,
    "fields": {
        "title": "third",
        "completed": true,
        "completed_on": "2018-08-01T16:18:04.589",
        "todo_list": 24,
        "added_to_master": false
    }
},
{
    "model": "base.projecttodoitem",
    "pk": 66,
    "fields": {
        "title": "fourth",
        "completed": false,
        "completed_on": null,
        "todo_list": 24,
        "added_to_master": false
    }
},
{
    "model": "base.projecttodoitem",
    "pk": 67,
    "fields": {
        "title": "and so on",
        "completed": false,
        "completed_on": null,
        "todo_list": 24,
        "added_to_master": false
    }
},
{
    "model": "base.projecttodoitem",
    "pk": 68,
    "fields": {
        "title": "clean house",
        "completed": false,
        "completed_on": null,
        "todo_list": 25,
        "added_to_master": false
    }
},
{
    "model": "base.projecttodoitem",
    "pk": 69,
    "fields": {
        "title": "read",
        "completed": false,
        "completed_on": null,
        "todo_list": 25,
        "added_to_master": false
    }
},
{
    "model": "base.projecttodoitem",
    "pk": 70,
    "fields": {
        "title": "write",
        "completed": false,
        "completed_on": null,
        "todo_list": 25,
        "added_to_master": false
    }
},
{
    "model": "base.projecttodoitem",
    "pk": 88,
    "fields": {
        "title": "No box shadow on card-container, check where it's used\n",
        "completed": true,
        "completed_on": "2018-09-20T06:39:28.493",
        "todo_list": 33,
        "added_to_master": false
    }
},
{
    "model": "base.projecttodoitem",
    "pk": 89,
    "fields": {
        "title": "Knowledge base: Must create notebook before note\n",
        "completed": true,
        "completed_on": "2018-09-23T06:58:35.653",
        "todo_list": 34,
        "added_to_master": true
    }
},
{
    "model": "base.projecttodoitem",
    "pk": 90,
    "fields": {
        "title": "Ability to connect project resource to project task\n",
        "completed": false,
        "completed_on": null,
        "todo_list": 33,
        "added_to_master": false
    }
},
{
    "model": "base.projecttodoitem",
    "pk": 91,
    "fields": {
        "title": "Habits: Fix bottom border\n",
        "completed": true,
        "completed_on": "2018-09-22T08:01:01.402",
        "todo_list": 34,
        "added_to_master": false
    }
},
{
    "model": "base.projecttodoitem",
    "pk": 92,
    "fields": {
        "title": "Optional, green dot or green background on today's date\n",
        "completed": true,
        "completed_on": "2018-09-22T08:58:29.437",
        "todo_list": 34,
        "added_to_master": false
    }
},
{
    "model": "base.projecttodoitem",
    "pk": 93,
    "fields": {
        "title": "Update journal templates so they flow better",
        "completed": true,
        "completed_on": "2018-09-22T20:20:59.915",
        "todo_list": 34,
        "added_to_master": true
    }
},
{
    "model": "base.projecttodoitem",
    "pk": 94,
    "fields": {
        "title": "Daily journal add food log, procrastination log, at the end of the day\n",
        "completed": true,
        "completed_on": "2018-09-22T20:21:00.720",
        "todo_list": 34,
        "added_to_master": true
    }
},
{
    "model": "base.projecttodoitem",
    "pk": 95,
    "fields": {
        "title": "Add welcome email to mailchimp people\n",
        "completed": false,
        "completed_on": null,
        "todo_list": 35,
        "added_to_master": false
    }
},
{
    "model": "base.projecttodoitem",
    "pk": 96,
    "fields": {
        "title": "Send email to already subscribed people\n",
        "completed": false,
        "completed_on": null,
        "todo_list": 35,
        "added_to_master": false
    }
},
{
    "model": "base.projecttodoitem",
    "pk": 97,
    "fields": {
        "title": "In that email, add some habits, goals tips\n",
        "completed": false,
        "completed_on": null,
        "todo_list": 35,
        "added_to_master": false
    }
},
{
    "model": "base.projecttodoitem",
    "pk": 98,
    "fields": {
        "title": "Choose better titles and pictures\n",
        "completed": false,
        "completed_on": null,
        "todo_list": 35,
        "added_to_master": false
    }
},
{
    "model": "base.projecttodoitem",
    "pk": 99,
    "fields": {
        "title": "Send welcome email after signing up for beta with helpful tips on habits and goal setting. Giving them an idea of what's to come\n",
        "completed": true,
        "completed_on": "2018-09-28T06:43:37.765",
        "todo_list": 37,
        "added_to_master": true
    }
},
{
    "model": "base.projecttodoitem",
    "pk": 100,
    "fields": {
        "title": "Send the same email to the already subscribed\n",
        "completed": false,
        "completed_on": null,
        "todo_list": 37,
        "added_to_master": false
    }
},
{
    "model": "base.projecttodoitem",
    "pk": 101,
    "fields": {
        "title": "Choose better titles for articles\n",
        "completed": true,
        "completed_on": "2018-10-07T20:12:15.211",
        "todo_list": 36,
        "added_to_master": false
    }
},
{
    "model": "base.projecttodoitem",
    "pk": 102,
    "fields": {
        "title": "Choose better featured pictures for articles\n",
        "completed": true,
        "completed_on": "2018-10-07T20:12:15.663",
        "todo_list": 36,
        "added_to_master": false
    }
},
{
    "model": "base.projecttodoitem",
    "pk": 103,
    "fields": {
        "title": "W\nrite for publications",
        "completed": false,
        "completed_on": null,
        "todo_list": 36,
        "added_to_master": false
    }
},
{
    "model": "base.projecttodoitem",
    "pk": 104,
    "fields": {
        "title": "Don't show archived todo lists in daily todo\n",
        "completed": true,
        "completed_on": "2018-09-21T16:25:38.826",
        "todo_list": 33,
        "added_to_master": false
    }
},
{
    "model": "base.projecttodoitem",
    "pk": 105,
    "fields": {
        "title": "Todo Today: clear done tasks from yesterday\n",
        "completed": true,
        "completed_on": "2018-09-24T07:05:34.320",
        "todo_list": 33,
        "added_to_master": false
    }
},
{
    "model": "base.projecttodoitem",
    "pk": 106,
    "fields": {
        "title": "TT: initial load, show correct lists\n",
        "completed": true,
        "completed_on": "2018-09-21T16:25:42.763",
        "todo_list": 33,
        "added_to_master": false
    }
},
{
    "model": "base.projecttodoitem",
    "pk": 107,
    "fields": {
        "title": "Show green buttons on arrows and that's the only link for transfer\n",
        "completed": true,
        "completed_on": "2018-09-21T16:25:46.164",
        "todo_list": 33,
        "added_to_master": false
    }
},
{
    "model": "base.projecttodoitem",
    "pk": 108,
    "fields": {
        "title": "Fix transfer bug\n",
        "completed": true,
        "completed_on": "2018-09-21T16:25:48.852",
        "todo_list": 33,
        "added_to_master": false
    }
},
{
    "model": "base.projecttodoitem",
    "pk": 109,
    "fields": {
        "title": "Fix bellow showing of completed tasks\n",
        "completed": true,
        "completed_on": "2018-09-22T07:51:29.167",
        "todo_list": 33,
        "added_to_master": false
    }
},
{
    "model": "base.projecttodoitem",
    "pk": 110,
    "fields": {
        "title": "test",
        "completed": true,
        "completed_on": "2018-09-21T16:26:16.087",
        "todo_list": 33,
        "added_to_master": false
    }
},
{
    "model": "base.projecttodoitem",
    "pk": 111,
    "fields": {
        "title": "Can't click on tt dropdown first link, covered by heading\n",
        "completed": true,
        "completed_on": "2018-09-22T08:53:00.369",
        "todo_list": 33,
        "added_to_master": false
    }
},
{
    "model": "base.projecttodoitem",
    "pk": 112,
    "fields": {
        "title": "The central nav: have the option to minimize to only text. \n",
        "completed": false,
        "completed_on": null,
        "todo_list": 33,
        "added_to_master": false
    }
},
{
    "model": "base.projecttodoitem",
    "pk": 113,
    "fields": {
        "title": "In knowledge base have submenu with options for knowledge base\n",
        "completed": false,
        "completed_on": null,
        "todo_list": 33,
        "added_to_master": false
    }
},
{
    "model": "base.projecttodoitem",
    "pk": 114,
    "fields": {
        "title": "Product tour\n",
        "completed": true,
        "completed_on": "2018-09-30T13:38:39.121",
        "todo_list": 34,
        "added_to_master": true
    }
},
{
    "model": "base.projecttodoitem",
    "pk": 115,
    "fields": {
        "title": "Journal name, at least day, should have day name: Mon, Tue ...\n",
        "completed": true,
        "completed_on": "2018-09-28T06:50:09.469",
        "todo_list": 38,
        "added_to_master": true
    }
},
{
    "model": "base.projecttodoitem",
    "pk": 116,
    "fields": {
        "title": "Remember opened tab on top cards\n",
        "completed": false,
        "completed_on": null,
        "todo_list": 33,
        "added_to_master": false
    }
},
{
    "model": "base.projecttodoitem",
    "pk": 117,
    "fields": {
        "title": "Read email guide I downloaded, for onboarding\n",
        "completed": true,
        "completed_on": "2018-09-27T04:29:21.345",
        "todo_list": 37,
        "added_to_master": true
    }
},
{
    "model": "base.projecttodoitem",
    "pk": 118,
    "fields": {
        "title": "Setup https on server\n",
        "completed": false,
        "completed_on": null,
        "todo_list": 39,
        "added_to_master": false
    }
},
{
    "model": "base.projecttodoitem",
    "pk": 119,
    "fields": {
        "title": "Setup real emailing\n",
        "completed": false,
        "completed_on": null,
        "todo_list": 39,
        "added_to_master": false
    }
},
{
    "model": "base.projecttodoitem",
    "pk": 120,
    "fields": {
        "title": "Fix google auth\n",
        "completed": false,
        "completed_on": null,
        "todo_list": 39,
        "added_to_master": false
    }
},
{
    "model": "base.projecttodoitem",
    "pk": 121,
    "fields": {
        "title": "Fix Twitter auth on server\n",
        "completed": false,
        "completed_on": null,
        "todo_list": 39,
        "added_to_master": false
    }
},
{
    "model": "base.projecttodoitem",
    "pk": 122,
    "fields": {
        "title": "I have the text and the steps for prod tour, try it out in the morning\n",
        "completed": true,
        "completed_on": "2018-09-27T20:54:51.819",
        "todo_list": 34,
        "added_to_master": true
    }
},
{
    "model": "base.projecttodoitem",
    "pk": 123,
    "fields": {
        "title": "Filter Journals by type\n",
        "completed": false,
        "completed_on": null,
        "todo_list": 33,
        "added_to_master": false
    }
},
{
    "model": "base.projecttodoitem",
    "pk": 124,
    "fields": {
        "title": "Better icons in homepage knowledge base\n",
        "completed": true,
        "completed_on": "2018-09-29T10:03:48.403",
        "todo_list": 33,
        "added_to_master": false
    }
},
{
    "model": "base.projecttodoitem",
    "pk": 125,
    "fields": {
        "title": "Template projects with Readme, Cheet Sheet and sets of tasks\n",
        "completed": false,
        "completed_on": null,
        "todo_list": 33,
        "added_to_master": false
    }
},
{
    "model": "base.projecttodoitem",
    "pk": 126,
    "fields": {
        "title": "Daily Plan: Kanban board\n",
        "completed": false,
        "completed_on": null,
        "todo_list": 33,
        "added_to_master": false
    }
},
{
    "model": "base.projecttodoitem",
    "pk": 127,
    "fields": {
        "title": "Daily habits to break patterns. Knowledge library Resource. \n",
        "completed": false,
        "completed_on": null,
        "todo_list": 33,
        "added_to_master": false
    }
},
{
    "model": "base.projecttodoitem",
    "pk": 128,
    "fields": {
        "title": "On create new habit, show suggestions, the most common/useful habits\n",
        "completed": false,
        "completed_on": null,
        "todo_list": 33,
        "added_to_master": false
    }
},
{
    "model": "base.projecttodoitem",
    "pk": 129,
    "fields": {
        "title": "Project resource template. Checklist, Like Content promotion checklist. Blog setup checklist. ",
        "completed": false,
        "completed_on": null,
        "todo_list": 33,
        "added_to_master": false
    }
},
{
    "model": "base.projecttodoitem",
    "pk": 130,
    "fields": {
        "title": "Validate the idea with the startup bro's article\n",
        "completed": false,
        "completed_on": null,
        "todo_list": 40,
        "added_to_master": false
    }
},
{
    "model": "base.projecttodoitem",
    "pk": 131,
    "fields": {
        "title": "Master lists can be changed. GTD separates them into <2 mins - then by location, at PC, Outside, Home, Work\n",
        "completed": false,
        "completed_on": null,
        "todo_list": 33,
        "added_to_master": false
    }
},
{
    "model": "base.projecttodoitem",
    "pk": 132,
    "fields": {
        "title": "Write big, relevant, well thought out articles with content upgrades\n",
        "completed": false,
        "completed_on": null,
        "todo_list": 36,
        "added_to_master": false
    }
},
{
    "model": "base.projecttodoitem",
    "pk": 133,
    "fields": {
        "title": "Make them easy to share. Wordpress plugin\n",
        "completed": true,
        "completed_on": "2018-10-07T20:12:21.975",
        "todo_list": 36,
        "added_to_master": false
    }
},
{
    "model": "base.projecttodoitem",
    "pk": 134,
    "fields": {
        "title": "Implement push notifications, must for the journal\n",
        "completed": false,
        "completed_on": null,
        "todo_list": 41,
        "added_to_master": false
    }
},
{
    "model": "base.projecttodoitem",
    "pk": 135,
    "fields": {
        "title": "Default Project: Set up my workspace\n",
        "completed": true,
        "completed_on": "2018-10-01T19:51:15.265",
        "todo_list": 34,
        "added_to_master": true
    }
},
{
    "model": "base.projecttodoitem",
    "pk": 136,
    "fields": {
        "title": "Complete project button\n",
        "completed": false,
        "completed_on": null,
        "todo_list": 34,
        "added_to_master": false
    }
},
{
    "model": "base.projecttodoitem",
    "pk": 137,
    "fields": {
        "title": "Fill Year journal entry with major goals.\n",
        "completed": false,
        "completed_on": null,
        "todo_list": 43,
        "added_to_master": false
    }
},
{
    "model": "base.projecttodoitem",
    "pk": 138,
    "fields": {
        "title": "Separate into smaller chunks in Month and/or Week journals\n",
        "completed": false,
        "completed_on": null,
        "todo_list": 43,
        "added_to_master": false
    }
},
{
    "model": "base.projecttodoitem",
    "pk": 139,
    "fields": {
        "title": "Create Project or Multiple projects for every goal you will start now or have started\n",
        "completed": false,
        "completed_on": null,
        "todo_list": 43,
        "added_to_master": false
    }
},
{
    "model": "base.projecttodoitem",
    "pk": 141,
    "fields": {
        "title": "Write the Daily Journal\n",
        "completed": false,
        "completed_on": null,
        "todo_list": 43,
        "added_to_master": false
    }
},
{
    "model": "base.projecttodoitem",
    "pk": 142,
    "fields": {
        "title": "Create task lists for your ongoing projects for this week at the least\n",
        "completed": false,
        "completed_on": null,
        "todo_list": 43,
        "added_to_master": false
    }
},
{
    "model": "base.projecttodoitem",
    "pk": 143,
    "fields": {
        "title": "In the Habits module, create 2-5 habits or activities that you want to be consistent with\n",
        "completed": false,
        "completed_on": null,
        "todo_list": 43,
        "added_to_master": false
    }
},
{
    "model": "base.projecttodoitem",
    "pk": 144,
    "fields": {
        "title": "Create one project for the tasks that aren't related to any professional endeavor, for things like doctor appointments, paying the bills and traveling.\n",
        "completed": false,
        "completed_on": null,
        "todo_list": 44,
        "added_to_master": false
    }
},
{
    "model": "base.projecttodoitem",
    "pk": 145,
    "fields": {
        "title": "Show deadline event\n",
        "completed": true,
        "completed_on": "2018-10-01T08:21:32.599",
        "todo_list": 41,
        "added_to_master": true
    }
},
{
    "model": "base.projecttodoitem",
    "pk": 146,
    "fields": {
        "title": "Fill Year journal entry with major goals.\n",
        "completed": false,
        "completed_on": null,
        "todo_list": 47,
        "added_to_master": false
    }
},
{
    "model": "base.projecttodoitem",
    "pk": 147,
    "fields": {
        "title": "Separate into smaller chunks in Month and/or Week journals\n",
        "completed": false,
        "completed_on": null,
        "todo_list": 47,
        "added_to_master": false
    }
},
{
    "model": "base.projecttodoitem",
    "pk": 148,
    "fields": {
        "title": "Create Project or Multiple projects for every goal you will start now or have started\n",
        "completed": false,
        "completed_on": null,
        "todo_list": 47,
        "added_to_master": false
    }
},
{
    "model": "base.projecttodoitem",
    "pk": 149,
    "fields": {
        "title": "Write the Daily Journal\n",
        "completed": false,
        "completed_on": null,
        "todo_list": 47,
        "added_to_master": false
    }
},
{
    "model": "base.projecttodoitem",
    "pk": 150,
    "fields": {
        "title": "Create task lists for your ongoing projects for this week at the least\n",
        "completed": false,
        "completed_on": null,
        "todo_list": 47,
        "added_to_master": false
    }
},
{
    "model": "base.projecttodoitem",
    "pk": 151,
    "fields": {
        "title": "In the Habits module, create 2-5 habits or activities that you want to be consistent with\n",
        "completed": false,
        "completed_on": null,
        "todo_list": 47,
        "added_to_master": false
    }
},
{
    "model": "base.projecttodoitem",
    "pk": 152,
    "fields": {
        "title": "Create one project for the tasks that aren't related to any professional endeavor, for things like doctor appointments, paying the bills and traveling.\n",
        "completed": false,
        "completed_on": null,
        "todo_list": 48,
        "added_to_master": false
    }
},
{
    "model": "base.projecttodoitem",
    "pk": 160,
    "fields": {
        "title": "Create Twitter header for LifeHQ\n",
        "completed": false,
        "completed_on": null,
        "todo_list": 51,
        "added_to_master": false
    }
},
{
    "model": "base.projecttodoitem",
    "pk": 161,
    "fields": {
        "title": "Cardano article\n",
        "completed": false,
        "completed_on": null,
        "todo_list": 53,
        "added_to_master": false
    }
},
{
    "model": "base.projecttodoitem",
    "pk": 162,
    "fields": {
        "title": "EOS article\n",
        "completed": false,
        "completed_on": null,
        "todo_list": 53,
        "added_to_master": false
    }
},
{
    "model": "base.projecttodoitem",
    "pk": 163,
    "fields": {
        "title": "Insta, coin of the day\n",
        "completed": false,
        "completed_on": null,
        "todo_list": 53,
        "added_to_master": false
    }
},
{
    "model": "base.projecttodoitem",
    "pk": 164,
    "fields": {
        "title": "Check Google console is working\n",
        "completed": false,
        "completed_on": null,
        "todo_list": 55,
        "added_to_master": false
    }
},
{
    "model": "base.projecttodoitem",
    "pk": 165,
    "fields": {
        "title": "Add 3 Knowledge base templates, in template user then copy them\n",
        "completed": false,
        "completed_on": null,
        "todo_list": 41,
        "added_to_master": false
    }
},
{
    "model": "base.projecttodoitem",
    "pk": 166,
    "fields": {
        "title": "Add intro, hints or intro in submodules\n",
        "completed": false,
        "completed_on": null,
        "todo_list": 41,
        "added_to_master": false
    }
},
{
    "model": "base.projecttodoitem",
    "pk": 167,
    "fields": {
        "title": "Go over the journal templates again\n",
        "completed": true,
        "completed_on": "2018-10-02T05:25:52.600",
        "todo_list": 41,
        "added_to_master": true
    }
},
{
    "model": "base.projecttodoitem",
    "pk": 168,
    "fields": {
        "title": "Try out the colors from friendly or whatever\n",
        "completed": true,
        "completed_on": "2018-10-03T19:49:10.500",
        "todo_list": 41,
        "added_to_master": true
    }
},
{
    "model": "base.projecttodoitem",
    "pk": 169,
    "fields": {
        "title": "On initial habit, fill with different options\n",
        "completed": false,
        "completed_on": "2018-10-02T04:35:40.829",
        "todo_list": 41,
        "added_to_master": true
    }
},
{
    "model": "base.projecttodoitem",
    "pk": 170,
    "fields": {
        "title": "Fill Year journal entry with major goals.\n",
        "completed": false,
        "completed_on": null,
        "todo_list": 57,
        "added_to_master": true
    }
},
{
    "model": "base.projecttodoitem",
    "pk": 171,
    "fields": {
        "title": "Separate into smaller chunks in Month and/or Week journals\n",
        "completed": false,
        "completed_on": null,
        "todo_list": 57,
        "added_to_master": true
    }
},
{
    "model": "base.projecttodoitem",
    "pk": 172,
    "fields": {
        "title": "Create Project or Multiple projects for every goal you will start now or have started\n",
        "completed": true,
        "completed_on": "2018-10-04T16:00:26.656",
        "todo_list": 57,
        "added_to_master": true
    }
},
{
    "model": "base.projecttodoitem",
    "pk": 173,
    "fields": {
        "title": "Write the Daily Journal\n",
        "completed": false,
        "completed_on": null,
        "todo_list": 57,
        "added_to_master": true
    }
},
{
    "model": "base.projecttodoitem",
    "pk": 174,
    "fields": {
        "title": "Create task lists for your ongoing projects for this week at the least\n",
        "completed": false,
        "completed_on": null,
        "todo_list": 57,
        "added_to_master": false
    }
},
{
    "model": "base.projecttodoitem",
    "pk": 175,
    "fields": {
        "title": "In the Habits module, create 2-5 habits or activities that you want to be consistent with\n",
        "completed": false,
        "completed_on": null,
        "todo_list": 57,
        "added_to_master": false
    }
},
{
    "model": "base.projecttodoitem",
    "pk": 176,
    "fields": {
        "title": "Create one project for the tasks that aren't related to any professional endeavor, for things like doctor appointments, paying the bills and traveling.\n",
        "completed": false,
        "completed_on": null,
        "todo_list": 58,
        "added_to_master": false
    }
},
{
    "model": "base.projecttodoitem",
    "pk": 177,
    "fields": {
        "title": "Push on Instagram for the three days at least, share what you're working on\n",
        "completed": false,
        "completed_on": null,
        "todo_list": 59,
        "added_to_master": false
    }
},
{
    "model": "base.projecttodoitem",
    "pk": 178,
    "fields": {
        "title": "Reflect at 11am and post from that morning, can be the same\n",
        "completed": false,
        "completed_on": null,
        "todo_list": 59,
        "added_to_master": true
    }
},
{
    "model": "base.projecttodoitem",
    "pk": 179,
    "fields": {
        "title": "Must sort out the blog\n",
        "completed": false,
        "completed_on": null,
        "todo_list": 59,
        "added_to_master": true
    }
},
{
    "model": "base.personaltodoitem",
    "pk": 55,
    "fields": {
        "title": "Be a badass",
        "completed": true,
        "completed_on": "2018-06-27T06:59:45.508",
        "todo_list": 5,
        "project_item_id": 41
    }
},
{
    "model": "base.personaltodoitem",
    "pk": 62,
    "fields": {
        "title": "Fourth to-doz",
        "completed": true,
        "completed_on": "2018-06-29T18:02:11.423",
        "todo_list": 5,
        "project_item_id": 44
    }
},
{
    "model": "base.personaltodoitem",
    "pk": 63,
    "fields": {
        "title": "Third todo",
        "completed": true,
        "completed_on": "2018-06-28T17:27:56.084",
        "todo_list": 5,
        "project_item_id": 43
    }
},
{
    "model": "base.personaltodoitem",
    "pk": 64,
    "fields": {
        "title": "fourth",
        "completed": true,
        "completed_on": "2018-06-29T10:18:00.737",
        "todo_list": 6,
        "project_item_id": 45
    }
},
{
    "model": "base.personaltodoitem",
    "pk": 68,
    "fields": {
        "title": "fifth to-doez",
        "completed": false,
        "completed_on": null,
        "todo_list": 7,
        "project_item_id": 46
    }
},
{
    "model": "base.personaltodoitem",
    "pk": 70,
    "fields": {
        "title": "damn1",
        "completed": false,
        "completed_on": null,
        "todo_list": 7,
        "project_item_id": 48
    }
},
{
    "model": "base.personaltodoitem",
    "pk": 71,
    "fields": {
        "title": "easy does it",
        "completed": false,
        "completed_on": null,
        "todo_list": 7,
        "project_item_id": 47
    }
},
{
    "model": "base.personaltodoitem",
    "pk": 74,
    "fields": {
        "title": "another important one",
        "completed": true,
        "completed_on": "2018-06-30T07:15:44.445",
        "todo_list": 5,
        "project_item_id": null
    }
},
{
    "model": "base.personaltodoitem",
    "pk": 75,
    "fields": {
        "title": "and now what",
        "completed": true,
        "completed_on": "2018-06-30T07:15:43.021",
        "todo_list": 5,
        "project_item_id": null
    }
},
{
    "model": "base.personaltodoitem",
    "pk": 83,
    "fields": {
        "title": "yet another one",
        "completed": true,
        "completed_on": "2018-06-30T05:36:49.100",
        "todo_list": 5,
        "project_item_id": null
    }
},
{
    "model": "base.personaltodoitem",
    "pk": 84,
    "fields": {
        "title": "add 2",
        "completed": true,
        "completed_on": "2018-06-30T05:37:04.459",
        "todo_list": 5,
        "project_item_id": null
    }
},
{
    "model": "base.personaltodoitem",
    "pk": 85,
    "fields": {
        "title": "it's ok ?",
        "completed": true,
        "completed_on": "2018-06-30T07:15:45.900",
        "todo_list": 6,
        "project_item_id": null
    }
},
{
    "model": "base.personaltodoitem",
    "pk": 87,
    "fields": {
        "title": "Second todo",
        "completed": false,
        "completed_on": null,
        "todo_list": 6,
        "project_item_id": 42
    }
},
{
    "model": "base.personaltodoitem",
    "pk": 125,
    "fields": {
        "title": "Invest in my future: Sign up at LifeHQ",
        "completed": true,
        "completed_on": "2018-09-19T07:41:34.983",
        "todo_list": 41,
        "project_item_id": null
    }
},
{
    "model": "base.personaltodoitem",
    "pk": 126,
    "fields": {
        "title": "Set up my personal productivity system",
        "completed": true,
        "completed_on": "2018-09-21T08:33:02.935",
        "todo_list": 41,
        "project_item_id": null
    }
},
{
    "model": "base.personaltodoitem",
    "pk": 127,
    "fields": {
        "title": "LifeHQ: Create default habit for new users",
        "completed": true,
        "completed_on": "2018-09-20T08:15:52.690",
        "todo_list": 41,
        "project_item_id": null
    }
},
{
    "model": "base.personaltodoitem",
    "pk": 128,
    "fields": {
        "title": "LifeHQ: Create two default important tasks, one completed, one not",
        "completed": true,
        "completed_on": "2018-09-20T08:15:57.740",
        "todo_list": 41,
        "project_item_id": null
    }
},
{
    "model": "base.personaltodoitem",
    "pk": 129,
    "fields": {
        "title": "LifeHQ: Finish blog article on Habit setting",
        "completed": true,
        "completed_on": "2018-09-21T08:32:02.369",
        "todo_list": 41,
        "project_item_id": null
    }
},
{
    "model": "base.personaltodoitem",
    "pk": 130,
    "fields": {
        "title": "Distribute parts of it on social media",
        "completed": true,
        "completed_on": "2018-09-21T08:32:03.936",
        "todo_list": 41,
        "project_item_id": null
    }
},
{
    "model": "base.personaltodoitem",
    "pk": 140,
    "fields": {
        "title": "Knowledge base: Must create notebook before note\n",
        "completed": true,
        "completed_on": "2018-09-23T06:58:35.653",
        "todo_list": 41,
        "project_item_id": 89
    }
},
{
    "model": "base.personaltodoitem",
    "pk": 141,
    "fields": {
        "title": "Update journal templates so they flow better",
        "completed": true,
        "completed_on": "2018-09-22T20:20:59.915",
        "todo_list": 41,
        "project_item_id": 93
    }
},
{
    "model": "base.personaltodoitem",
    "pk": 142,
    "fields": {
        "title": "Daily journal add food log, procrastination log, at the end of the day\n",
        "completed": true,
        "completed_on": "2018-09-22T20:21:00.720",
        "todo_list": 41,
        "project_item_id": 94
    }
},
{
    "model": "base.personaltodoitem",
    "pk": 145,
    "fields": {
        "title": "Write 30 mins",
        "completed": true,
        "completed_on": "2018-09-23T08:30:20.118",
        "todo_list": 41,
        "project_item_id": null
    }
},
{
    "model": "base.personaltodoitem",
    "pk": 146,
    "fields": {
        "title": "Post to social from personal account",
        "completed": true,
        "completed_on": "2018-09-23T06:33:09.189",
        "todo_list": 41,
        "project_item_id": null
    }
},
{
    "model": "base.personaltodoitem",
    "pk": 148,
    "fields": {
        "title": "Research company content vs personal content",
        "completed": true,
        "completed_on": "2018-09-24T09:21:14.008",
        "todo_list": 41,
        "project_item_id": null
    }
},
{
    "model": "base.personaltodoitem",
    "pk": 150,
    "fields": {
        "title": "Journal name, at least day, should have day name: Mon, Tue ...\n",
        "completed": true,
        "completed_on": "2018-09-28T06:50:09.469",
        "todo_list": 42,
        "project_item_id": 115
    }
},
{
    "model": "base.personaltodoitem",
    "pk": 151,
    "fields": {
        "title": "Read 30 mins",
        "completed": true,
        "completed_on": "2018-09-25T18:17:43.757",
        "todo_list": 43,
        "project_item_id": null
    }
},
{
    "model": "base.personaltodoitem",
    "pk": 152,
    "fields": {
        "title": "Send welcome email after signing up for beta with helpful tips on habits and goal setting. Giving them an idea of what's to come\n",
        "completed": true,
        "completed_on": "2018-09-28T06:43:37.765",
        "todo_list": 43,
        "project_item_id": 99
    }
},
{
    "model": "base.personaltodoitem",
    "pk": 153,
    "fields": {
        "title": "Create Pro Tip #1, max 30 mins",
        "completed": true,
        "completed_on": "2018-09-25T05:32:12.280",
        "todo_list": 41,
        "project_item_id": null
    }
},
{
    "model": "base.personaltodoitem",
    "pk": 154,
    "fields": {
        "title": "Share what you've learned",
        "completed": true,
        "completed_on": "2018-09-25T18:17:45.371",
        "todo_list": 43,
        "project_item_id": null
    }
},
{
    "model": "base.personaltodoitem",
    "pk": 155,
    "fields": {
        "title": "Create TOC for article",
        "completed": true,
        "completed_on": "2018-09-25T05:31:36.669",
        "todo_list": 41,
        "project_item_id": null
    }
},
{
    "model": "base.personaltodoitem",
    "pk": 156,
    "fields": {
        "title": "At 12, share on Medium, Facebook, Twitter and Instagram",
        "completed": true,
        "completed_on": "2018-09-25T05:32:05.138",
        "todo_list": 41,
        "project_item_id": null
    }
},
{
    "model": "base.personaltodoitem",
    "pk": 157,
    "fields": {
        "title": "Add WP smtp plugin\n",
        "completed": true,
        "completed_on": "2018-09-25T05:31:40.738",
        "todo_list": 41,
        "project_item_id": null
    }
},
{
    "model": "base.personaltodoitem",
    "pk": 158,
    "fields": {
        "title": "Share on Twitter and Instagram at 12\n",
        "completed": true,
        "completed_on": "2018-09-25T18:17:33.280",
        "todo_list": 41,
        "project_item_id": null
    }
},
{
    "model": "base.personaltodoitem",
    "pk": 160,
    "fields": {
        "title": "Read email guide I downloaded, for onboarding\n",
        "completed": true,
        "completed_on": "2018-09-27T04:29:21.345",
        "todo_list": 41,
        "project_item_id": 117
    }
},
{
    "model": "base.personaltodoitem",
    "pk": 161,
    "fields": {
        "title": "Product tour\n",
        "completed": true,
        "completed_on": "2018-09-30T13:38:39.121",
        "todo_list": 41,
        "project_item_id": 114
    }
},
{
    "model": "base.personaltodoitem",
    "pk": 162,
    "fields": {
        "title": "I have the text and the steps for prod tour, try it out in the morning\n",
        "completed": true,
        "completed_on": "2018-09-27T20:54:51.819",
        "todo_list": 41,
        "project_item_id": 122
    }
},
{
    "model": "base.personaltodoitem",
    "pk": 163,
    "fields": {
        "title": "Personal social media experiment",
        "completed": true,
        "completed_on": "2018-09-27T20:54:54.817",
        "todo_list": 41,
        "project_item_id": null
    }
},
{
    "model": "base.personaltodoitem",
    "pk": 164,
    "fields": {
        "title": "LifeHQ social media. What have you done. PT 2 and what's writing",
        "completed": true,
        "completed_on": "2018-09-27T20:54:58.453",
        "todo_list": 41,
        "project_item_id": null
    }
},
{
    "model": "base.personaltodoitem",
    "pk": 165,
    "fields": {
        "title": "Continue writing unhooked",
        "completed": true,
        "completed_on": "2018-09-28T06:05:36.307",
        "todo_list": 41,
        "project_item_id": null
    }
},
{
    "model": "base.personaltodoitem",
    "pk": 166,
    "fields": {
        "title": "At noon check yourself",
        "completed": true,
        "completed_on": "2018-09-28T06:05:34.805",
        "todo_list": 41,
        "project_item_id": null
    }
},
{
    "model": "base.personaltodoitem",
    "pk": 167,
    "fields": {
        "title": "Write in the morning",
        "completed": true,
        "completed_on": "2018-09-28T06:43:21.559",
        "todo_list": 41,
        "project_item_id": null
    }
},
{
    "model": "base.personaltodoitem",
    "pk": 168,
    "fields": {
        "title": "Increase height of summernote\n",
        "completed": true,
        "completed_on": "2018-09-28T20:02:08.875",
        "todo_list": 41,
        "project_item_id": null
    }
},
{
    "model": "base.personaltodoitem",
    "pk": 169,
    "fields": {
        "title": "Create google plus page?\n",
        "completed": true,
        "completed_on": "2018-09-28T20:06:15.478",
        "todo_list": 41,
        "project_item_id": null
    }
},
{
    "model": "base.personaltodoitem",
    "pk": 172,
    "fields": {
        "title": "Invest in my future: Sign up at LifeHQ",
        "completed": true,
        "completed_on": "2018-09-29T08:54:37.865",
        "todo_list": 47,
        "project_item_id": null
    }
},
{
    "model": "base.personaltodoitem",
    "pk": 173,
    "fields": {
        "title": "Set up my personal productivity system",
        "completed": false,
        "completed_on": null,
        "todo_list": 47,
        "project_item_id": null
    }
},
{
    "model": "base.personaltodoitem",
    "pk": 174,
    "fields": {
        "title": "Invest in my future: Sign up at LifeHQ",
        "completed": true,
        "completed_on": "2018-09-29T08:56:16.577",
        "todo_list": 50,
        "project_item_id": null
    }
},
{
    "model": "base.personaltodoitem",
    "pk": 175,
    "fields": {
        "title": "Set up my personal productivity system",
        "completed": false,
        "completed_on": null,
        "todo_list": 50,
        "project_item_id": null
    }
},
{
    "model": "base.personaltodoitem",
    "pk": 176,
    "fields": {
        "title": "Invest in my future: Sign up at LifeHQ",
        "completed": true,
        "completed_on": "2018-09-29T09:53:50.933",
        "todo_list": 53,
        "project_item_id": null
    }
},
{
    "model": "base.personaltodoitem",
    "pk": 177,
    "fields": {
        "title": "Set up my personal productivity system",
        "completed": false,
        "completed_on": null,
        "todo_list": 53,
        "project_item_id": null
    }
},
{
    "model": "base.personaltodoitem",
    "pk": 178,
    "fields": {
        "title": "Create Daily marketing checklist",
        "completed": true,
        "completed_on": "2018-09-29T16:18:50.393",
        "todo_list": 41,
        "project_item_id": null
    }
},
{
    "model": "base.personaltodoitem",
    "pk": 179,
    "fields": {
        "title": "Can I build it today",
        "completed": true,
        "completed_on": "2018-09-30T13:38:39.290",
        "todo_list": 41,
        "project_item_id": null
    }
},
{
    "model": "base.personaltodoitem",
    "pk": 180,
    "fields": {
        "title": "Create intro project tasks\n",
        "completed": true,
        "completed_on": "2018-09-30T13:38:34.068",
        "todo_list": 41,
        "project_item_id": null
    }
},
{
    "model": "base.personaltodoitem",
    "pk": 181,
    "fields": {
        "title": "Create intro project document\n",
        "completed": true,
        "completed_on": "2018-09-30T13:38:34.501",
        "todo_list": 41,
        "project_item_id": null
    }
},
{
    "model": "base.personaltodoitem",
    "pk": 182,
    "fields": {
        "title": "Create deadline event\n on project creation",
        "completed": true,
        "completed_on": "2018-09-30T13:38:34.895",
        "todo_list": 41,
        "project_item_id": null
    }
},
{
    "model": "base.personaltodoitem",
    "pk": 191,
    "fields": {
        "title": "Default Project: Set up my workspace\n",
        "completed": true,
        "completed_on": "2018-10-01T19:51:15.282",
        "todo_list": 41,
        "project_item_id": 135
    }
},
{
    "model": "base.personaltodoitem",
    "pk": 192,
    "fields": {
        "title": "Show deadline event\n",
        "completed": true,
        "completed_on": "2018-10-01T08:21:32.602",
        "todo_list": 41,
        "project_item_id": 145
    }
},
{
    "model": "base.personaltodoitem",
    "pk": 193,
    "fields": {
        "title": "WRITE THE DAMN ARTICLE",
        "completed": true,
        "completed_on": "2018-10-02T04:12:26.294",
        "todo_list": 41,
        "project_item_id": null
    }
},
{
    "model": "base.personaltodoitem",
    "pk": 194,
    "fields": {
        "title": "USE THE DAMN SOFTWARE",
        "completed": true,
        "completed_on": "2018-10-01T08:21:18.106",
        "todo_list": 41,
        "project_item_id": null
    }
},
{
    "model": "base.personaltodoitem",
    "pk": 195,
    "fields": {
        "title": "On initial habit, fill with different options\n",
        "completed": false,
        "completed_on": "2018-10-02T04:35:40.829",
        "todo_list": 41,
        "project_item_id": 169
    }
},
{
    "model": "base.personaltodoitem",
    "pk": 196,
    "fields": {
        "title": "Add flags for init open on all modules in profile",
        "completed": true,
        "completed_on": "2018-10-02T04:44:28.110",
        "todo_list": 41,
        "project_item_id": null
    }
},
{
    "model": "base.personaltodoitem",
    "pk": 197,
    "fields": {
        "title": "Bug on first screen here, don't have projectId",
        "completed": true,
        "completed_on": "2018-10-02T04:44:25.852",
        "todo_list": 41,
        "project_item_id": null
    }
},
{
    "model": "base.personaltodoitem",
    "pk": 198,
    "fields": {
        "title": "newer one",
        "completed": true,
        "completed_on": "2018-10-02T04:44:30.264",
        "todo_list": 41,
        "project_item_id": null
    }
},
{
    "model": "base.personaltodoitem",
    "pk": 199,
    "fields": {
        "title": "and one more\n",
        "completed": true,
        "completed_on": "2018-10-02T04:44:29.561",
        "todo_list": 41,
        "project_item_id": null
    }
},
{
    "model": "base.personaltodoitem",
    "pk": 200,
    "fields": {
        "title": "another yes yes yesss\n",
        "completed": true,
        "completed_on": "2018-10-02T04:43:18.589",
        "todo_list": 41,
        "project_item_id": null
    }
},
{
    "model": "base.personaltodoitem",
    "pk": 201,
    "fields": {
        "title": "Try out the colors from friendly or whatever\n",
        "completed": true,
        "completed_on": "2018-10-03T19:49:10.503",
        "todo_list": 41,
        "project_item_id": 168
    }
},
{
    "model": "base.personaltodoitem",
    "pk": 202,
    "fields": {
        "title": "Go over the journal templates again\n",
        "completed": true,
        "completed_on": "2018-10-02T05:25:52.600",
        "todo_list": 41,
        "project_item_id": 167
    }
},
{
    "model": "base.personaltodoitem",
    "pk": 203,
    "fields": {
        "title": "Book summary template\n",
        "completed": true,
        "completed_on": "2018-10-07T20:05:13.632",
        "todo_list": 41,
        "project_item_id": null
    }
},
{
    "model": "base.personaltodoitem",
    "pk": 204,
    "fields": {
        "title": "Best practices template\n",
        "completed": true,
        "completed_on": "2018-10-07T20:05:14.898",
        "todo_list": 41,
        "project_item_id": null
    }
},
{
    "model": "base.personaltodoitem",
    "pk": 205,
    "fields": {
        "title": "Checklist ?\n",
        "completed": true,
        "completed_on": "2018-10-07T20:05:16.657",
        "todo_list": 41,
        "project_item_id": null
    }
},
{
    "model": "base.personaltodoitem",
    "pk": 206,
    "fields": {
        "title": "Invest in my future: Sign up at LifeHQ",
        "completed": true,
        "completed_on": "2018-10-04T15:52:26.289",
        "todo_list": 59,
        "project_item_id": null
    }
},
{
    "model": "base.personaltodoitem",
    "pk": 207,
    "fields": {
        "title": "Set up my personal productivity system",
        "completed": true,
        "completed_on": "2018-10-04T15:56:13.061",
        "todo_list": 59,
        "project_item_id": null
    }
},
{
    "model": "base.personaltodoitem",
    "pk": 209,
    "fields": {
        "title": "Separate into smaller chunks in Month and/or Week journals\n",
        "completed": false,
        "completed_on": null,
        "todo_list": 59,
        "project_item_id": 171
    }
},
{
    "model": "base.personaltodoitem",
    "pk": 210,
    "fields": {
        "title": "Create Project or Multiple projects for every goal you will start now or have started\n",
        "completed": true,
        "completed_on": "2018-10-04T16:00:26.656",
        "todo_list": 59,
        "project_item_id": 172
    }
},
{
    "model": "base.personaltodoitem",
    "pk": 211,
    "fields": {
        "title": "Write the Daily Journal\n",
        "completed": false,
        "completed_on": null,
        "todo_list": 60,
        "project_item_id": 173
    }
},
{
    "model": "base.personaltodoitem",
    "pk": 212,
    "fields": {
        "title": "Fill Year journal entry with major goals.\n",
        "completed": false,
        "completed_on": null,
        "todo_list": 60,
        "project_item_id": 170
    }
},
{
    "model": "base.personaltodoitem",
    "pk": 213,
    "fields": {
        "title": "2 Hours on LFHQ programming, including server deployment",
        "completed": false,
        "completed_on": null,
        "todo_list": 41,
        "project_item_id": null
    }
},
{
    "model": "base.personaltodoitem",
    "pk": 214,
    "fields": {
        "title": "2 Hours on sorting out the blog and social media sharing",
        "completed": false,
        "completed_on": null,
        "todo_list": 41,
        "project_item_id": null
    }
},
{
    "model": "base.personaltodoitem",
    "pk": 215,
    "fields": {
        "title": "Set everything up on server",
        "completed": false,
        "completed_on": null,
        "todo_list": 41,
        "project_item_id": null
    }
},
{
    "model": "base.personaltodoitem",
    "pk": 216,
    "fields": {
        "title": "Reflect at 11am and post from that morning, can be the same\n",
        "completed": false,
        "completed_on": null,
        "todo_list": 42,
        "project_item_id": 178
    }
},
{
    "model": "base.personaltodoitem",
    "pk": 217,
    "fields": {
        "title": "Must sort out the blog\n",
        "completed": false,
        "completed_on": null,
        "todo_list": 42,
        "project_item_id": 179
    }
},
{
    "model": "base.personaltodoitem",
    "pk": 218,
    "fields": {
        "title": "Disable intros after seeing them",
        "completed": true,
        "completed_on": "2018-10-08T05:54:48.670",
        "todo_list": 41,
        "project_item_id": null
    }
},
{
    "model": "base.projectevent",
    "pk": 1,
    "fields": {
        "title": "Milestone 1",
        "description": "Very nice description message",
        "start": "2018-07-01T10:00:00",
        "end": "2018-07-01T13:00:00",
        "project": 1
    }
},
{
    "model": "base.projectevent",
    "pk": 2,
    "fields": {
        "title": "Meeting with CTO of ABC Corp",
        "description": "At Tcc Plaza Hotel",
        "start": "2018-06-13T20:21:28.026",
        "end": "2018-06-13T21:21:28.026",
        "project": 1
    }
},
{
    "model": "base.projectevent",
    "pk": 3,
    "fields": {
        "title": "Snapshot event",
        "description": "Snapshot descerning",
        "start": "2018-05-21T06:00:00",
        "end": null,
        "project": 1
    }
},
{
    "model": "base.projectevent",
    "pk": 4,
    "fields": {
        "title": "Ongoing",
        "description": "Ongoing description frictionless database ",
        "start": "2018-05-22T06:00:00",
        "end": null,
        "project": 1
    }
},
{
    "model": "base.projectevent",
    "pk": 5,
    "fields": {
        "title": "Ongoing 2",
        "description": "some descri",
        "start": "2018-05-22T07:00:00",
        "end": "2018-05-26T08:00:00",
        "project": 1
    }
},
{
    "model": "base.projectevent",
    "pk": 6,
    "fields": {
        "title": "Beginning",
        "description": "asdf database eseafdatar",
        "start": "2018-05-22T07:00:00",
        "end": "2018-05-23T08:00:00",
        "project": 1
    }
},
{
    "model": "base.projectevent",
    "pk": 7,
    "fields": {
        "title": "contained",
        "description": "hahahahhahaa wasaaaap",
        "start": "2018-05-23T10:00:00",
        "end": "2018-05-23T13:00:00",
        "project": 1
    }
},
{
    "model": "base.projectevent",
    "pk": 8,
    "fields": {
        "title": "starting",
        "description": "starting this stuff",
        "start": "2018-05-23T16:00:00",
        "end": "2018-05-26T13:00:00",
        "project": 1
    }
},
{
    "model": "base.projectevent",
    "pk": 9,
    "fields": {
        "title": "Meeting with Timmy",
        "description": "At 5th Avenue / 31st Street",
        "start": "2018-06-24T16:00:00",
        "end": "2018-06-21T17:00:00",
        "project": 3
    }
},
{
    "model": "base.projectevent",
    "pk": 10,
    "fields": {
        "title": "setting it up",
        "description": "smtn",
        "start": "2018-06-24T05:00:00",
        "end": "2018-06-23T06:00:00",
        "project": 3
    }
},
{
    "model": "base.projectevent",
    "pk": 11,
    "fields": {
        "title": "birthday of myself",
        "description": "some descerning description",
        "start": "2018-07-18T16:00:00",
        "end": "2018-07-13T17:00:00",
        "project": 4
    }
},
{
    "model": "base.projectevent",
    "pk": 12,
    "fields": {
        "title": "blahh",
        "description": "some description",
        "start": "2018-07-19T16:00:00",
        "end": null,
        "project": 4
    }
},
{
    "model": "base.projectevent",
    "pk": 13,
    "fields": {
        "title": "aaaaaaaa",
        "description": "",
        "start": "2018-07-14T12:00:00",
        "end": "2018-07-18T17:00:00",
        "project": 4
    }
},
{
    "model": "base.projectevent",
    "pk": 14,
    "fields": {
        "title": "b",
        "description": "",
        "start": "2018-07-17T12:00:00",
        "end": "2018-07-17T17:00:00",
        "project": 4
    }
},
{
    "model": "base.projectevent",
    "pk": 15,
    "fields": {
        "title": "some event",
        "description": "",
        "start": "2018-08-03T17:00:00",
        "end": null,
        "project": 1
    }
},
{
    "model": "base.projectevent",
    "pk": 24,
    "fields": {
        "title": "Publish Habits article",
        "description": "Finish the article then publish it",
        "start": "2018-09-20T11:00:00",
        "end": null,
        "project": 11
    }
},
{
    "model": "base.projectevent",
    "pk": 25,
    "fields": {
        "title": "Project deadline",
        "description": "",
        "start": "2018-09-30T00:00:00",
        "end": null,
        "project": 20
    }
},
{
    "model": "base.projectevent",
    "pk": 26,
    "fields": {
        "title": "something",
        "description": "",
        "start": "2018-09-29T18:00:00",
        "end": null,
        "project": 20
    }
},
{
    "model": "base.projectevent",
    "pk": 27,
    "fields": {
        "title": "Project deadline",
        "description": "",
        "start": "2018-10-06T00:00:00",
        "end": null,
        "project": 21
    }
},
{
    "model": "base.projectevent",
    "pk": 28,
    "fields": {
        "title": "Project deadline",
        "description": "",
        "start": "2018-10-31T00:00:00",
        "end": null,
        "project": 24
    }
},
{
    "model": "base.projectlog",
    "pk": 1,
    "fields": {
        "project": 15,
        "start": "2018-10-07T19:41:13.293",
        "end": "2018-10-07T19:41:23.699"
    }
},
{
    "model": "journal.journal",
    "pk": 1,
    "fields": {
        "day": true,
        "week": true,
        "month": true,
        "quarter": false,
        "year": true,
        "user": 1
    }
},
{
    "model": "journal.journal",
    "pk": 2,
    "fields": {
        "day": true,
        "week": true,
        "month": true,
        "quarter": true,
        "year": true,
        "user": 2
    }
},
{
    "model": "journal.journal",
    "pk": 3,
    "fields": {
        "day": true,
        "week": true,
        "month": true,
        "quarter": false,
        "year": false,
        "user": 3
    }
},
{
    "model": "journal.journal",
    "pk": 5,
    "fields": {
        "day": true,
        "week": true,
        "month": true,
        "quarter": false,
        "year": false,
        "user": 6
    }
},
{
    "model": "journal.journal",
    "pk": 6,
    "fields": {
        "day": true,
        "week": true,
        "month": true,
        "quarter": false,
        "year": false,
        "user": 7
    }
},
{
    "model": "journal.journal",
    "pk": 14,
    "fields": {
        "day": true,
        "week": true,
        "month": true,
        "quarter": false,
        "year": false,
        "user": 16
    }
},
{
    "model": "journal.journal",
    "pk": 16,
    "fields": {
        "day": true,
        "week": true,
        "month": true,
        "quarter": false,
        "year": false,
        "user": 18
    }
},
{
    "model": "journal.journal",
    "pk": 17,
    "fields": {
        "day": true,
        "week": true,
        "month": true,
        "quarter": false,
        "year": false,
        "user": 19
    }
},
{
    "model": "journal.journal",
    "pk": 18,
    "fields": {
        "day": true,
        "week": true,
        "month": true,
        "quarter": false,
        "year": false,
        "user": 20
    }
},
{
    "model": "journal.journal",
    "pk": 20,
    "fields": {
        "day": true,
        "week": true,
        "month": true,
        "quarter": false,
        "year": false,
        "user": 22
    }
},
{
    "model": "journal.journalentry",
    "pk": 1,
    "fields": {
        "title": "Day 1",
        "content": "First ever daily journal entry, it is going quite well so far",
        "entry_type": "0",
        "created_on": "2018-06-01",
        "journal": 1
    }
},
{
    "model": "journal.journalentry",
    "pk": 2,
    "fields": {
        "title": "Day 2",
        "content": "Second journal entry, things are moving forward",
        "entry_type": "0",
        "created_on": "2018-06-02",
        "journal": 1
    }
},
{
    "model": "journal.journalentry",
    "pk": 3,
    "fields": {
        "title": "Week 1",
        "content": "Review of week 1",
        "entry_type": "1",
        "created_on": "2018-06-03",
        "journal": 1
    }
},
{
    "model": "journal.journalentry",
    "pk": 4,
    "fields": {
        "title": "Day 4",
        "content": "<p>something quite exquisite brah</p><p>noticing signs from the universe somehow</p>",
        "entry_type": "0",
        "created_on": "2018-06-21",
        "journal": 2
    }
},
{
    "model": "journal.journalentry",
    "pk": 5,
    "fields": {
        "title": "Week 5",
        "content": "<p>Week 5 went horrible.</p><p>So what am I going to do about it.</p><p>Give in, give up???</p><p>No, I will come out swinging until I WIN.</p>",
        "entry_type": "1",
        "created_on": "2018-06-21",
        "journal": 2
    }
},
{
    "model": "journal.journalentry",
    "pk": 6,
    "fields": {
        "title": "Day 3",
        "content": "                        another day another night\r\n                    ",
        "entry_type": "0",
        "created_on": "2018-06-20",
        "journal": 2
    }
},
{
    "model": "journal.journalentry",
    "pk": 7,
    "fields": {
        "title": "Week 7",
        "content": "                        Improve design of journal scheduller",
        "entry_type": "1",
        "created_on": "2018-06-22",
        "journal": 2
    }
},
{
    "model": "journal.journalentry",
    "pk": 8,
    "fields": {
        "title": "Day 8",
        "content": "",
        "entry_type": "0",
        "created_on": "2018-06-22",
        "journal": 2
    }
},
{
    "model": "journal.journalentry",
    "pk": 9,
    "fields": {
        "title": "Day 9",
        "content": "",
        "entry_type": "0",
        "created_on": "2018-06-22",
        "journal": 2
    }
},
{
    "model": "journal.journalentry",
    "pk": 10,
    "fields": {
        "title": "Day 10",
        "content": "",
        "entry_type": "0",
        "created_on": "2018-07-04",
        "journal": 2
    }
},
{
    "model": "journal.journalentry",
    "pk": 11,
    "fields": {
        "title": "Day 11",
        "content": "",
        "entry_type": "0",
        "created_on": "2018-07-08",
        "journal": 2
    }
},
{
    "model": "journal.journalentry",
    "pk": 12,
    "fields": {
        "title": "Day 12",
        "content": "",
        "entry_type": "0",
        "created_on": "2018-07-08",
        "journal": 2
    }
},
{
    "model": "journal.journalentry",
    "pk": 13,
    "fields": {
        "title": "Day 13",
        "content": "",
        "entry_type": "0",
        "created_on": "2018-07-16",
        "journal": 2
    }
},
{
    "model": "journal.journalentry",
    "pk": 24,
    "fields": {
        "title": "Day - Aug 21",
        "content": "So this is the Day template",
        "entry_type": "0",
        "created_on": "2018-08-21",
        "journal": 3
    }
},
{
    "model": "journal.journalentry",
    "pk": 31,
    "fields": {
        "title": "Day - Sep 22",
        "content": "                    <p>The daily journal is usually written in the evening after the day's events have passed.</p><p>After completing your daily journal go to the <i>TODO Today&nbsp;</i>module and plan your tasks for the next day.</p><p><br></p><p>Did something interesting happen today?</p><p><br></p><p>Did something unexpected happen?</p><p><br></p><p>If nothing interesting has happened for a while plan out something fun or novel for tomorrow.</p>\n                ",
        "entry_type": "0",
        "created_on": "2018-09-22",
        "journal": 5
    }
},
{
    "model": "journal.journalentry",
    "pk": 32,
    "fields": {
        "title": "Day - Sep 23",
        "content": "                                                                                                        <p><br></p><p><span style=\"font-size: 40px;\">Morning</span></p><p>Aim to have one thing to look forward to every day and one scary or uncomfortable thing.</p><p><span style=\"font-size: 25px;\">What will that be today?</span></p><p><span style=\"font-size: 16px;\">Fitness expo is happening today, that's fun.</span></p><p><span style=\"font-size: 25px;\"><br></span></p><p><span style=\"font-size: 25px;\">What scary or uncomfortable thing will you do today?</span></p><p><span style=\"font-size: 16px;\">\ufeff</span><span style=\"font-size: 16px;\">\ufeffI will work and edit videos without procrastination.</span><br></p><p><br></p><p><span style=\"font-size: 25px;\">Write 3 things you are grateful for?</span></p><p><span style=\"font-size: 16px;\">I am grateful to have \ufeffmy wife and daughter</span></p><p><span style=\"font-size: 16px;\">I am grateful to have the opportunity to what I love and make millions doing it and impact millions of people</span></p><p><span style=\"font-size: 16px;\">I am grateful to have the opportunity to help my family and loved ones. Make their lives better.</span></p><p><br></p><p><span style=\"font-size: 25px; font-family: -apple-system, BlinkMacSystemFont, Helvetica, Arial, sans-serif;\">Say out loud your major goals as if they are accomplished and think how their achievement will improve your life, your family's life and the world.</span></p><p>I am the CEO of a 100 Million dollar company</p><p>I walk, talk, act and execute like a CEO. I get much done, I am focused and effective. I do the important things.</p><p><br></p><hr><p><br></p><p><span style=\"font-size: 40px;\">Evening</span></p><p><span style=\"font-size: 25px;\">Procrastination log</span> - During the day or at night, record the unproductive things that robbed you of your time, this will help you to detect and avoid them in the future.</p><p>-</p><p>-</p><p>-</p><p><br></p><p>Did something interesting happen today?</p><p><br></p><p>Did something unexpected happen?</p><p><br></p><p>Plan out the thing to look forward to tomorrow.</p><p>Plan out your tasks for tomorrow in the <b><i>TODO Today</i></b> module.</p>\n                \n                \n                \n                \n                    ",
        "entry_type": "0",
        "created_on": "2018-09-23",
        "journal": 14
    }
},
{
    "model": "journal.journalentry",
    "pk": 33,
    "fields": {
        "title": "Day - Sep 24",
        "content": "                                                                                                        <p><br></p><p><span style=\"font-size: 40px;\">Morning</span></p><p>Aim to have one thing to look forward to every day and one scary or uncomfortable thing.</p><p><span style=\"font-size: 25px;\">What will that be today? </span></p><p><span style=\"font-size: 16px;\">\ufeffI would be happy if I completed my tasks, got to bed earlier and&nbsp;</span><span style=\"font-size: 25px;\"><br></span></p><p><span style=\"font-size: 25px;\"><br></span></p><p><span style=\"font-size: 25px;\">What would make today a success and what a super success?</span></p><p>Success: Finish my social media tasks and start product tour</p><p><span style=\"font-size: 25px;\">Super Success:&nbsp;</span><span style=\"font-size: 16px;\">\ufeffPublish on BetaList, test the landing page with lower resolution, get BA leads and contact them.</span></p><p><span style=\"font-size: 16px;\">Learn about gamifying and apply some of it to LifeHQ and tweet what you've learned?</span></p><p><span style=\"font-size: 25px;\"><br></span></p><p><span style=\"font-size: 25px;\">What scary or uncomfortable thing will you do today?</span></p><p><span style=\"font-size: 16px;\">&nbsp;&nbsp;&nbsp;&nbsp;</span><span style=\"font-size: 16px;\">Publish on BetaList, write cold emails. Not scary enough but that's it.</span></p><p><br></p><p><span style=\"font-size: 25px;\">Write 3 things you are grateful for?</span></p><p><span style=\"font-size: 16px;\">1. For having discovered Sadhguru</span></p><p><span style=\"font-size: 16px;\">2. For having a loving family</span></p><p><span style=\"font-size: 16px;\">3. For having a wife with aligned goals and harder worker than me.</span></p><p><span style=\"font-size: 25px; font-family: -apple-system, BlinkMacSystemFont, Helvetica, Arial, sans-serif;\">Say out loud your major goals as if they are accomplished and think how their achievement will improve your life, your family's life and the world.</span></p><p><span style=\"font-size: 16px;\">Examples: </span></p><p>&nbsp;&nbsp;&nbsp;&nbsp;<span style=\"font-size: 16px;\">I am the CEO of a Billion dollar company.</span></p><p>&nbsp;&nbsp;&nbsp;&nbsp;<span style=\"font-size: 16px;\">I am in the best shape of my life.</span></p><p>&nbsp;&nbsp;&nbsp;&nbsp;<span style=\"font-size: 16px;\">My company is impacting millions of people in a positive way.</span></p><p><br></p><p><br></p><hr><p><br></p><p><span style=\"font-size: 40px;\">Evening</span></p><p><span style=\"font-size: 25px;\">Procrastination log</span> - During the day or at night, record the unproductive things that robbed you of your time, this will help you to detect and avoid them in the future.</p><p>- Sorting out articles from yesterday</p><p>- Not having a pre-structured to-do list for today</p><p>-</p><p><br></p><p>Did something interesting happen today?</p><p><br></p><p>Did something unexpected happen?</p><p><br></p><p>Plan out the thing to look forward to tomorrow.</p><p>Plan out your tasks for tomorrow in the <b><i>TODO Today</i></b> module.</p>\n                \n                \n                \n                \n                    ",
        "entry_type": "0",
        "created_on": "2018-09-24",
        "journal": 14
    }
},
{
    "model": "journal.journalentry",
    "pk": 34,
    "fields": {
        "title": "Day - Sep 25",
        "content": "                                                                                                                            <p><span style=\"font-size: 40px; font-family: -apple-system, BlinkMacSystemFont, Helvetica, Arial, sans-serif;\">Morning</span></p><p>Aim to have one thing to look forward to every day and one scary or uncomfortable thing.</p><p><span style=\"font-size: 25px;\">What will that be today?</span></p><p><span style=\"font-size: 16px;\">Show some</span><span style=\"font-size: 16px;\"><span style=\"font-size: 16px;\">\ufeff</span>one the product.</span></p><p><span style=\"font-size: 16px;\"><br></span></p><p><span style=\"font-size: 25px;\">What scary or uncomfortable thing will you do today?</span></p><p>Publish product on IH. Then post something there or answer.</p><p>Edit Instagram profile description.</p><p><br></p><p><span style=\"font-size: 25px;\">Write 3 things you are grateful for?</span></p><p>First of all, to be alive even for a brief moment in history, in this body and mind.</p><p>To be connected to the universe and bring forth my ideas to the world</p><p>To realize my potential as a full fledged human being.</p><p><br></p><p><span style=\"font-size: 25px; font-family: -apple-system, BlinkMacSystemFont, Helvetica, Arial, sans-serif;\">Say out loud your major goals as if they are accomplished and think how their achievement will improve your life, your family's life and the world.</span></p><p><span style=\"font-size: 16px;\">Examples: </span></p><p>&nbsp;&nbsp;&nbsp;&nbsp;<span style=\"font-size: 16px;\">I am the CEO of a Billion dollar company.</span></p><p>&nbsp;&nbsp;&nbsp;&nbsp;<span style=\"font-size: 16px;\">I am in the best shape of my life.</span></p><p>&nbsp;&nbsp;&nbsp;&nbsp;<span style=\"font-size: 16px;\">My company is impacting millions of people in a positive way.</span></p><p><br></p><p><br></p><hr><p><br></p><p><span style=\"font-size: 40px;\">Evening</span></p><p><span style=\"font-size: 25px;\">Procrastination log</span> - During the day or at night, record the unproductive things that robbed you of your time, this will help you to detect and avoid them in the future.</p><p>- In betweens, small pauses.</p><p>- Not tracking my time</p><p>-</p><p><br></p><p>Did something interesting happen today?</p><p><br></p><p>Did something unexpected happen?</p><p><br></p><p>Plan out the thing to look forward to tomorrow.</p><p>Plan out your tasks for tomorrow in the <b><i>TODO Today</i></b> module.</p>\n                \n                \n                \n                \n                \n                    ",
        "entry_type": "0",
        "created_on": "2018-09-25",
        "journal": 14
    }
},
{
    "model": "journal.journalentry",
    "pk": 35,
    "fields": {
        "title": "Day - Sep 27",
        "content": "                                                                                                                                                                            <p><br></p><p><span style=\"font-size: 40px;\">Morning</span></p><p>Aim to have one thing to look forward to every day and one scary or uncomfortable thing.</p><p><span style=\"font-size: 25px;\">What will that be today?</span></p><p><span style=\"font-size: 25px;\">I have coffee and meeting with Alen</span></p><p><span style=\"font-size: 25px;\"><br></span></p><p><span style=\"font-size: 25px;\">What scary or uncomfortable thing will you do today?</span></p><p>Pitch my product for the first time. Pitch a new idea.</p><p><br></p><p><span style=\"font-size: 25px;\">How did it go?</span></p><p>Ok, got me thinking a lot.</p><p><br></p><p><span style=\"font-size: 25px;\">Write 3 things you are grateful for?</span></p><p>&nbsp; &nbsp; Grateful to be alive and to be able to love</p><p>&nbsp; &nbsp; Grateful for all the life on this planet and the sun and the moon</p><p>&nbsp; &nbsp; Grateful for my daughter that I love more than anything<span style=\"font-size: 25px;\"><br></span></p><p><br></p><p><span style=\"font-size: 25px; font-family: -apple-system, BlinkMacSystemFont, Helvetica, Arial, sans-serif;\">Say out loud your major goals as if they are accomplished and think how their achievement will improve your life, your family's life and the world.</span></p><p>&nbsp; &nbsp; I am the CEO of a successful company</p><p>&nbsp; &nbsp; The leader in the self improvement space and organizational space</p><p>&nbsp; &nbsp; We are going to go out and come with a bang</p><p>&nbsp; &nbsp; I have a unique twist and vision. My own.</p><p>&nbsp; &nbsp; Let's push and make the magic happen<br></p><p><br></p><p><br></p><hr><p><br></p><p><span style=\"font-size: 40px;\">Evening</span></p><p><span style=\"font-size: 25px;\">Procrastination log</span> - During the day or at night, record the unproductive things that robbed you of your time, this will help you to detect and avoid them in the future.</p><p>-</p><p>-</p><p>-</p><p>Did you finish all your tasks, elaborate, was it too much, too little?</p><p>&nbsp; &nbsp; I didn't go through them really, will do tomorrow. Push through it no matter what. In the morning.</p><p><br></p><p><br></p><p>Unexpected distractions, how will you protect yourself from them in the future?</p><p>&nbsp;&nbsp;&nbsp;&nbsp;No</p><p><br></p><p>How did the scary thing go, was it easy or hard to do?</p><p>&nbsp;&nbsp;&nbsp;&nbsp;It was easy, no need to worry</p><p><br></p><p>Did something unexpected happen, how would you protect yourself from it?</p><p>&nbsp; &nbsp; What's interesting is that I got more than 100 visitors off of my new blog post<br></p><p><br></p><p>Plan out the thing to look forward to tomorrow.</p><p>Plan out your tasks for tomorrow in the <b><i>TODO Today</i></b> module.</p>\n                \n                \n                \n                \n                \n                    \n                    \n                    ",
        "entry_type": "0",
        "created_on": "2018-09-27",
        "journal": 14
    }
},
{
    "model": "journal.journalentry",
    "pk": 36,
    "fields": {
        "title": "Day - Sep 28",
        "content": "                                                                                                                                                <p><br></p><p><span style=\"font-size: 40px;\">Morning - Planing</span></p><p>Aim to have one thing to look forward to every day and one scary or uncomfortable thing.</p><p><span style=\"font-size: 25px;\">What do you look forward to today?</span></p><p><span style=\"font-size: 25px;\">Not sure yet.</span></p><p><span style=\"font-size: 25px;\"><br></span></p><p><span style=\"font-size: 25px;\">What scary or uncomfortable thing will you do today?</span></p><p><span style=\"font-size: 25px;\">- to be determined</span></p><p><br></p><p><span style=\"font-size: 25px;\">Write 3 things you are grateful for?</span></p><p>1. I'm grateful that I can think about my thinking</p><p>2. Grateful to have the opportunity to pay off the debt of my parents and make them happy and improve their lives</p><p>3. Grateful for the sun. The beautiful sun. And all other creatures are full fledged creatures, so am I.</p><p><br></p><p><span style=\"font-size: 25px; font-family: -apple-system, BlinkMacSystemFont, Helvetica, Arial, sans-serif;\">Say out loud your major goals as if they are accomplished and think how their achievement will improve your life, your family's life and the world.</span></p><p><span style=\"font-size: 40px;\">&nbsp; &nbsp; I act and execute on the 10x CEO LEVEL</span><span style=\"font-size: 40px;\">\ufeff</span></p><p><br></p><p><br></p><hr><p><br></p><p><span style=\"font-size: 40px;\">Evening - Reflection</span></p><p><span style=\"font-size: 25px;\">Procrastination log</span> - During the day or at night, record the unproductive things that robbed you of your time, this will help you to detect and avoid them in the future.</p><p>- Hesitating before starting</p><p>-</p><p>-</p><p><br></p><p><span style=\"font-size: 25px;\">How did the scary thing go?</span></p><p><span style=\"font-size: 25px;\"><br></span></p><p><span style=\"font-size: 25px;\">Review the rest of the day?</span></p><p><span style=\"font-size: 25px;\"><br></span></p><p><span style=\"font-size: 25px;\">Did you finish your tasks, were they too much, too little?</span></p><p><br></p><p><span style=\"font-size: 25px;\">Did something unexpected happen, how will you handle it in the future?</span></p><p><br></p><p>Plan out the thing to look forward to tomorrow.</p><p>Plan out your tasks for tomorrow in the <b><i>TODO Today</i></b> module.</p>\n                \n                \n                \n                \n                \n                \n                    ",
        "entry_type": "0",
        "created_on": "2018-09-28",
        "journal": 14
    }
},
{
    "model": "journal.journalentry",
    "pk": 37,
    "fields": {
        "title": "Day - Fri, Sep 28",
        "content": "                                                                                                                        <p><br></p><p><span style=\"font-size: 40px;\">Morning</span></p><p>Aim to have one thing to look forward to every day and one scary or uncomfortable thing.</p><p><span style=\"font-size: 25px;\">What will that be today?</span></p><p><span style=\"font-size: 25px;\"><br></span></p><p><span style=\"font-size: 25px;\">What scary or uncomfortable thing will you do today?</span></p><p><br></p><p><span style=\"font-size: 25px;\">Write 3 things you are grateful for?</span></p><p><br></p><p><span style=\"font-size: 25px; font-family: -apple-system, BlinkMacSystemFont, Helvetica, Arial, sans-serif;\">Say out loud your major goals as if they are accomplished and think how their achievement will improve your life, your family's life and the world.</span></p><p><span style=\"font-size: 16px;\">Examples: </span></p><p>&nbsp;&nbsp;&nbsp;&nbsp;<span style=\"font-size: 16px;\">I am the CEO of a Billion dollar company.</span></p><p>&nbsp;&nbsp;&nbsp;&nbsp;<span style=\"font-size: 16px;\">I am in the best shape of my life.</span></p><p>&nbsp;&nbsp;&nbsp;&nbsp;<span style=\"font-size: 16px;\">My company is impacting millions of people in a positive way.</span></p><p><br></p><p><br></p><hr><p><br></p><p><span style=\"font-size: 40px;\">Evening</span></p><p><span style=\"font-size: 25px;\">Procrastination log</span> - During the day or at night, record the unproductive things that robbed you of your time, this will help you to detect and avoid them in the future.</p><p>-</p><p>-</p><p>-</p><p><br></p><p><span style=\"font-size: 25px;\">How did the scary thing go?</span></p><p><span style=\"font-size: 25px;\"><br></span></p><p><span style=\"font-size: 25px;\">Review the rest of the day?</span></p><p><span style=\"font-size: 25px;\"><br></span></p><p><span style=\"font-size: 25px;\">Did you finish your tasks, were there too much, too little?</span></p><p><br></p><p><span style=\"font-size: 25px;\">Did something unexpected happen, how will you handle it in the future?</span></p><p><br></p><p>Plan out the thing to look forward to tomorrow.</p><p>Plan out your tasks for tomorrow in the <b><i>TODO Today</i></b> module.</p>\n                \n                \n                \n                \n                \n                ",
        "entry_type": "0",
        "created_on": "2018-09-28",
        "journal": 14
    }
},
{
    "model": "journal.journalentry",
    "pk": 38,
    "fields": {
        "title": "Week - Fri, Sep 28",
        "content": "                        \n                \n                \n                \n                \n                \n                \n                \n                \n                \n                \n                <p><span style=\"font-size: 1rem; font-family: -apple-system, BlinkMacSystemFont, Helvetica, Arial, sans-serif;\">Continuing from the Monthly goals this is what needs to happen this week.</span></p><p> </p><p><span style=\"font-size: 25px;\">This week's important tasks</span></p><p><span style=\"font-size: 25px;\"><br></span>&nbsp;&nbsp;&nbsp;&nbsp;<span style=\"font-size: 25px; font-family: -apple-system, BlinkMacSystemFont, Helvetica, Arial, sans-serif;\">Write 1 articles on my tech blog</span></p><ol><li>&nbsp;Finish 90% of Hooked article<br></li></ol><p><br></p><p><span style=\"font-size: 25px;\">&nbsp; &nbsp; Reading:</span><span style=\"font-size: 25px;\">&nbsp;On Writing Well</span></p><ol><li>Read half of the book</li><li>Write in a book summary document the lessons that I learned<br></li></ol><p><br></p><p><span style=\"font-size: 25px;\">End of Week summary</span></p><p><span style=\"font-size: 25px;\"><span style=\"font-size: 16px;\">Go through the daily journals and write your summary here.</span></span></p><p>Then use this summary to plan your next week better.<span style=\"font-size: 25px;\"><span style=\"font-size: 16px;\"><br></span><br></span><span style=\"font-size: 25px;\"><br></span><br></p>\n                \n                \n                \n                \n                \n            \n            \n            \n            \n            \n            \n            \n            \n            \n            \n            \n            \n            \n            \n            \n            \n                    ",
        "entry_type": "1",
        "created_on": "2018-09-28",
        "journal": 14
    }
},
{
    "model": "journal.journalentry",
    "pk": 39,
    "fields": {
        "title": "Year - Sat, Sep 29",
        "content": "                        \n                \n                \n                \n                \n                \n                \n                \n                \n                \n                \n                <p>The most important thing in the year journal are the goals. </p><p>Define the big goals here and then chunk them into smaller pieces in the month and/or week journals.</p><p>I personally often skip the monthly journal and use the week journal to chunk my goals into bite sized pieces.</p><p> The work I can do in a week is much easier for me to estimate than the whole month.</p><p><span style=\"font-size: 25px;\">First, how to set your goals: The SMART strategy for goal setting.</span></p><p><span style=\"font-weight: bolder;\">S.M.A.R.T.&nbsp;</span>stands for&nbsp;<span style=\"font-weight: bolder;\">S</span>pecific,&nbsp;<span style=\"font-weight: bolder;\">M</span>easurable,&nbsp;<span style=\"font-weight: bolder;\">A</span>chievable,&nbsp;<span style=\"font-weight: bolder;\">R</span>elevant and&nbsp;<span style=\"font-weight: bolder;\">T</span>ime-bound.</p><ul><li>Specific -<span style=\"font-size: 1rem; font-family: -apple-system, BlinkMacSystemFont, Helvetica, Arial, sans-serif;\">Define the goal in detail, answer the questions like What, Where, When, How much etc.</span></li><li>\ufeffMeasurable - While pursuing the goal you must have a way to measure your progress</li><li>Achievable - Although the sky is the limit. Make sure to set achievable goals for the time constraint that you'll set for yourself.</li><li>Relevant - Make sure you are pursuing goals that actually improve your life.<br></li><li>Time-bound - Every goal must have a deadline, otherwise it is just a dream.</li></ul><p>Let's apply the SMART strategy to the example of starting a blog and making it successful.</p><p><span style=\"font-size: 25px;\">Vague</span><span style=\"font-size: 25px;\">\ufeff:</span> Start a blog and make it successful</p><p><span style=\"font-size: 40px;\"><span style=\"font-size: 25px;\">SMART</span></span>\ufeff</p><p>  Start a blog in the tech space, niche: VR and AR. Audience target is 5000 daily visitors by end of the year and to get featured in 2 major publications. To achieve this I will have these sub goals:</p><ul><li>Set up the blog and make the design decent.</li><li>Become a better writer.</li><li>Make connections in the industry and develop social media presence.</li><li>Become great at SEO</li></ul><p>Feel free to remove all the above, you can always find it in our knowledge base documents. The default yearly template begins bellow this line:</p><hr><p><span style=\"font-size: 25px;\">Start of year: Goals</span></p><p><span style=\"font-size: 25px;\">Goal 1</span></p><p>&nbsp; &nbsp; Description: (Define the specificity of the goal, What, Why, How, How much)</p><p>&nbsp; &nbsp; How will I measure it:&nbsp;</p><p>&nbsp; &nbsp; Deadline:&nbsp;<span style=\"font-size: 25px;\"><br></span></p><p><span style=\"font-size: 25px;\">Goal 2</span></p><p>&nbsp; &nbsp; Description: (Define the specificity of the goal, What, Why, How, How much)</p><p>&nbsp; &nbsp; How will I measure it:&nbsp;</p><p>&nbsp; &nbsp; Deadline:&nbsp;</p><p><br></p><p><span style=\"font-size: 25px;\">End of Year: Reflection</span></p><p>What lessons did you learn in the past year?</p><ul><li><br></li></ul><p>What mistakes did you make and how will you make sure you do not repeat them?</p><ul><li><br></li></ul><p>What was the best thing you did all year, the most beneficial or the most fun?</p><ul><li><br></li></ul><p>Your goals, did you overachieve or underachieve. Did they improve your life, how?</p><ul><li><br></li></ul>\n                \n                \n                \n                \n                \n            \n            \n            \n            \n            \n            \n            \n            \n            \n            \n            \n            \n            \n            \n            \n            \n                    ",
        "entry_type": "3",
        "created_on": "2018-09-29",
        "journal": 17
    }
},
{
    "model": "journal.journalentry",
    "pk": 45,
    "fields": {
        "title": "Year - Wed, Oct 03",
        "content": "\n                \n                \n                \n                \n                \n                \n                \n                \n                \n                \n                <p>The most important thing in the year journal are the goals, because the big ones are defined here and then the steps to achieve them are defined in the month and week journals.</p><p>We recommend the SMART strategy for goal setting.</p><p><span style=\"font-weight: bolder;\">S.M.A.R.T.&nbsp;</span>stands for&nbsp;<span style=\"font-weight: bolder;\">S</span>pecific,&nbsp;<span style=\"font-weight: bolder;\">M</span>easurable,&nbsp;<span style=\"font-weight: bolder;\">A</span>chievable,&nbsp;<span style=\"font-weight: bolder;\">R</span>elevant and&nbsp;<span style=\"font-weight: bolder;\">T</span>ime-bound.</p><ul><li>Specific -<span style=\"font-size: 1rem; font-family: -apple-system, BlinkMacSystemFont, Helvetica, Arial, sans-serif;\">Define the goal in detail, answer the questions like What, Where, When, How much etc.</span></li><li>\ufeffMeasurable - While pursuing the goal you must have a way to measure your progress</li><li>Achievable - Although the sky is the limit. Make sure to set achievable goals for the time constraint that you'll set for yourself.</li><li>Relevant - Make sure you are pursuing goals that actually improve your life.<br></li><li>Time-bound - Every goal must have a deadline, otherwise it is just a dream.</li></ul><p>Let's apply the SMART strategy to the example of starting a blog and making it successful.</p><p><span style=\"font-size: 25px;\">Vague</span><span style=\"font-size: 25px;\">\ufeff:</span> Start a blog and make it successful</p><p><span style=\"font-size: 40px;\"><span style=\"font-size: 25px;\">SMART</span></span>\ufeff</p><p>  Start a blog in the tech space, niche: VR and AR. My target is 5000 daily visitors by end of the year and to get featured in 2 major publications. To achieve this I will have these sub goals:</p><ul><li>Set up the blog and make the design decent.</li><li>Become a better writer.</li><li>Make connections in the industry and develop social media presence.</li><li>Become great at SEO</li></ul><p>Feel free to remove all the above, you can always find it in our knowledge base documents. The default yearly template begins bellow this line:</p><hr><p><span style=\"font-size: 25px;\">Reflection</span></p><p>What lessons did you learn in the past year?</p><ul><li><br></li></ul><p>What mistakes did you make and how will you make sure you do not repeat them?</p><ul><li><br></li></ul><p>What was the best thing you did all year, the most beneficial or the most fun?</p><ul><li><br></li></ul><p>Your goals, did you overachieve or underachieve. Did they improve your life, how?</p><ul><li><br></li></ul><p><span style=\"font-size: 25px;\"><br></span></p><hr><p><span style=\"font-size: 25px; font-family: -apple-system, BlinkMacSystemFont, Helvetica, Arial, sans-serif;\">This year:</span></p><p><span style=\"font-size: 25px;\"><br></span></p><p>&nbsp;&nbsp;&nbsp;&nbsp;<span style=\"font-size: 25px;\">Goals to achieve</span></p><ul><li><span style=\"font-size: 25px;\"><br></span></li></ul><p><span style=\"font-size: 25px;\"><br></span></p><p>&nbsp; &nbsp; <span style=\"font-size: 25px;\">Skills to master</span></p><ul><li><span style=\"font-size: 25px;\"><br></span></li></ul><p><span style=\"font-size: 25px;\"><br></span></p><p>&nbsp;&nbsp;&nbsp;&nbsp;<span style=\"font-size: 40px;\">\ufeff</span><span style=\"font-size: 25px;\">\ufeffPlaces to visit</span></p><ul><li><span style=\"font-size: 25px;\"><br></span><span style=\"font-size: 25px;\"><br></span></li></ul><p><span style=\"font-size: 25px;\"><br></span></p>\n                \n                \n                \n                \n                \n            \n            \n            \n            \n            \n            \n            \n            \n            \n            \n            \n            \n            \n            \n            \n            ",
        "entry_type": "3",
        "created_on": "2018-10-03",
        "journal": 14
    }
},
{
    "model": "journal.journalentry",
    "pk": 46,
    "fields": {
        "title": "Day - Wed, Oct 03",
        "content": "                                                                                                                                                <p><br></p><p><span style=\"font-size: 40px;\">Morning</span></p><p>Aim to have one thing to look forward to every day and one scary or uncomfortable thing.</p><p><span style=\"font-size: 25px;\">What will that be today?</span></p><p><span style=\"font-size: 25px;\"><br></span></p><p><span style=\"font-size: 25px;\">What scary or uncomfortable thing will you do today?</span></p><p><span style=\"font-size: 16px;\">I will post all articles on LinkedIn. The most challenging thing today will be to work in the evening.</span></p><p>To not consume alcohol or sugar, they make me lethargic. Maybe only 1 glass of wine, before 8pm.</p><p><br></p><p><span style=\"font-size: 25px;\">Write 3 things you are grateful for?</span></p><p><span style=\"font-size: 16px;\">I am grateful to be able to do what I like to do, to have the choice easily accesible</span></p><p><span style=\"font-size: 16px;\">Grateful for my beautiful daughter, she will change our lives</span></p><p><span style=\"font-size: 16px;\">Grateful for the connections I'm making online.</span></p><p><br></p><p><span style=\"font-size: 25px; font-family: -apple-system, BlinkMacSystemFont, Helvetica, Arial, sans-serif;\">Say out loud your major goals as if they are accomplished and think how their achievement will improve your life, your family's life and the world.</span></p><p><span style=\"font-size: 16px;\">Examples: </span></p><p>&nbsp;&nbsp;&nbsp;&nbsp;<span style=\"font-size: 16px;\">I am the CEO of a Billion dollar company.</span></p><p>&nbsp;&nbsp;&nbsp;&nbsp;<span style=\"font-size: 16px;\">I am in the best shape of my life.</span></p><p>&nbsp;&nbsp;&nbsp;&nbsp;<span style=\"font-size: 16px;\">My company is impacting millions of people in a positive way.</span></p><p><br></p><p><span style=\"font-size: 25px;\">Quote I'm pondering</span></p><p><span style=\"font-size: 25px;\"><br></span></p><p><span style=\"font-size: 40px;\">\ufeffIF YOU CAN, YOU MUST.</span><br></p><p><br></p><hr><p><br></p><p><span style=\"font-size: 40px;\">Evening</span></p><p><span style=\"font-size: 25px;\">Procrastination log</span> - During the day or at night, record the unproductive things that robbed you of your time, this will help you to detect and avoid them in the future.</p><p>- Late night snacking collapses me, I need to be way more careful with it. The point is to keep the ball rolling from the morning and not let it slip. It can easily slip</p><p>because it is the end of the day. But for 10x MEN</p><p>-</p><p>-</p><p><br></p><p><span style=\"font-size: 25px;\">How did the scary thing go?</span></p><p><span style=\"font-size: 25px;\"><br></span></p><p><span style=\"font-size: 25px;\">Review the rest of the day?</span></p><p><span style=\"font-size: 25px;\"><br></span></p><p><span style=\"font-size: 25px;\">Did you finish your tasks, were there too much, too little?</span></p><p><br></p><p><span style=\"font-size: 25px;\">Did something unexpected happen, how will you handle it in the future?</span></p><p><br></p><p>Plan out the thing to look forward to tomorrow.</p><p>Plan out your tasks for tomorrow in the <b><i>TODO Today</i></b> module.</p>\n                \n                \n                \n                \n                \n                \n                    ",
        "entry_type": "0",
        "created_on": "2018-10-03",
        "journal": 14
    }
},
{
    "model": "journal.journalentry",
    "pk": 47,
    "fields": {
        "title": "Month - Wed, Oct 03",
        "content": "\n                \n                \n                \n                \n                \n                \n                \n                \n                \n                \n                \n                \n                \n                <p><span style=\"font-size: 16px;\">Following the goals from the Year journal, let's break down one of the more vague sub goals here.</span></p><p><span style=\"font-size: 16px;\"><span style=\"font-size: 25px;\">Goal</span>: Become better writer</span></p><p><span style=\"font-size: 16px;\"><span style=\"font-size: 25px;\">Smart Goal</span>:&nbsp;</span></p><p>&nbsp; &nbsp; To become better writer I need to write more often and read books on the subject. So this month I will write 3 articles per week and I will read the books: On Writing Well and The Elements of Style.</p><p>The template starts bellow</p><hr><p><span style=\"font-size: 25px;\">Review</span></p><p><span style=\"font-size: 16px;\">Did you achieve your monthly goals?</span></p><p><span style=\"font-size: 16px;\"><br></span></p><p>Did you encounter unexpected things and how did you respond, what would you do different</p><p>if they happened again?</p><p><br></p><p><span style=\"font-size: 25px;\"><br></span></p><hr><p><span style=\"font-size: 25px;\"><br></span></p><p><span style=\"font-size: 25px;\">Goals for this month</span></p><p><span style=\"font-size: 16px;\">Goal 1: Write 3 articles per week.</span></p><p><span style=\"font-size: 16px;\">Goal 2: Read Writing Well and The Elements of Style&nbsp;&nbsp;</span></p><p>&nbsp; &nbsp;&nbsp;<span style=\"font-size: 16px;\"><br></span></p><p><span style=\"font-size: 16px;\"><br></span></p><p><span style=\"font-size: 16px;\"><br></span></p>\n            \n            \n            \n            \n            \n            \n            \n            \n            \n            \n            \n            \n            \n            ",
        "entry_type": "2",
        "created_on": "2018-10-03",
        "journal": 14
    }
},
{
    "model": "journal.journalentry",
    "pk": 48,
    "fields": {
        "title": "Day - Thu, Oct 04",
        "content": "                                                                                                    <p><br></p><p><span style=\"font-size: 40px;\"><br class=\"Apple-interchange-newline\">Morning</span></p><p>Aim to have one thing to look forward to every day and one scary or uncomfortable thing.</p><p><span style=\"font-size: 25px;\">Something I'm looking forward to today?</span></p><p><span style=\"font-size: 25px;\"><br></span></p><p><span style=\"font-size: 25px;\">Something scary or uncomfortable I'm doing today?</span></p><p><span style=\"font-size: 25px;\"><br></span></p><p><span style=\"font-size: 25px;\">What would make today a success and what a super success?</span></p><p>&nbsp;<span style=\"font-size: 25px;\">Success:&nbsp;</span></p><p><span style=\"font-size: 25px;\">&nbsp;Super Success:&nbsp;</span>\ufeff</p><p><span style=\"font-size: 25px;\"><br></span></p><p><span style=\"font-size: 25px; font-family: -apple-system, BlinkMacSystemFont, Helvetica, Arial, sans-serif;\">Write 3 things you are grateful for?</span></p><p>1.&nbsp;</p><p>2.&nbsp;</p><p>3.&nbsp;</p><p><span style=\"font-size: 25px; font-family: -apple-system, BlinkMacSystemFont, Helvetica, Arial, sans-serif;\"><br></span></p><p><span style=\"font-size: 25px; font-family: -apple-system, BlinkMacSystemFont, Helvetica, Arial, sans-serif;\">Now say out loud your major goals as if they are accomplished and think how their achievement will improve your life and the lives of others.</span></p><p>Examples:</p><p>&nbsp;&nbsp;&nbsp;&nbsp;I am the CEO of a Billion dollar company.</p><p>&nbsp;&nbsp;&nbsp;&nbsp;I am in the best shape of my life.</p><p>&nbsp;&nbsp;&nbsp;&nbsp;My company is impacting millions of people in a positive way.</p><p><br></p><p><br></p><hr><p><br></p><p><br></p><p><span style=\"font-family: -apple-system, BlinkMacSystemFont, Helvetica, Arial, sans-serif; font-size: 40px;\">Evening</span></p><p><span style=\"font-size: 25px;\">Procrastination log</span>&nbsp;- During the day or at night, record the unproductive things that robbed you of your time, this will help you detect and avoid them in the future.</p><p>-&nbsp;</p><p>-&nbsp;</p><p>-</p><p><br></p><p><span style=\"font-size: 25px;\">Did something interesting happen today?</span></p><p><br></p><p><span style=\"font-size: 25px;\">Did something unexpected happen?</span></p><p><br></p><p><span style=\"font-size: 1rem; font-family: -apple-system, BlinkMacSystemFont, Helvetica, Arial, sans-serif;\">Plan out your tasks for tomorrow in the</span><span style=\"font-size: 1rem; font-family: -apple-system, BlinkMacSystemFont, Helvetica, Arial, sans-serif;\">&nbsp;</span><span style=\"font-size: 1rem; font-family: -apple-system, BlinkMacSystemFont, Helvetica, Arial, sans-serif; font-weight: bolder;\"><i>TODO Today</i></span><span style=\"font-size: 1rem; font-family: -apple-system, BlinkMacSystemFont, Helvetica, Arial, sans-serif;\">&nbsp;</span><span style=\"font-size: 1rem; font-family: -apple-system, BlinkMacSystemFont, Helvetica, Arial, sans-serif;\">module.</span></p><p><br></p>\n                \n                \n                \n                \n                ",
        "entry_type": "0",
        "created_on": "2018-10-04",
        "journal": 20
    }
},
{
    "model": "journal.journalentry",
    "pk": 49,
    "fields": {
        "title": "Day - Thu, Oct 04",
        "content": "                                                                                                                            <p>tester</p><p><span style=\"font-size: 40px;\"><br class=\"Apple-interchange-newline\">Morning</span></p><p>Aim to have one thing to look forward to every day and one scary or uncomfortable thing.</p><p><span style=\"font-size: 25px;\">Something I'm looking forward to today?</span></p><p><span style=\"font-size: 25px;\"><br></span></p><p><span style=\"font-size: 25px;\">Something scary or uncomfortable I'm doing today?</span></p><p><span style=\"font-size: 25px;\"><br></span></p><p><span style=\"font-size: 25px;\">What would make today a success and what a super success?</span></p><p>&nbsp;<span style=\"font-size: 25px;\">Success:&nbsp;</span></p><p><span style=\"font-size: 25px;\">&nbsp;Super Success:&nbsp;</span>\ufeff</p><p><span style=\"font-size: 25px;\"><br></span></p><p><span style=\"font-size: 25px; font-family: -apple-system, BlinkMacSystemFont, Helvetica, Arial, sans-serif;\">Write 3 things you are grateful for?</span></p><p>1.&nbsp;</p><p>2.&nbsp;</p><p>3.&nbsp;</p><p><span style=\"font-size: 25px; font-family: -apple-system, BlinkMacSystemFont, Helvetica, Arial, sans-serif;\"><br></span></p><p><span style=\"font-size: 25px; font-family: -apple-system, BlinkMacSystemFont, Helvetica, Arial, sans-serif;\">Now say out loud your major goals as if they are accomplished and think how their achievement will improve your life and the lives of others.</span></p><p>Examples:</p><p>&nbsp;&nbsp;&nbsp;&nbsp;I am the CEO of a Billion dollar company.</p><p>&nbsp;&nbsp;&nbsp;&nbsp;I am in the best shape of my life.</p><p>&nbsp;&nbsp;&nbsp;&nbsp;My company is impacting millions of people in a positive way.</p><p><br></p><p><br></p><hr><p><br></p><p><br></p><p><span style=\"font-family: -apple-system, BlinkMacSystemFont, Helvetica, Arial, sans-serif; font-size: 40px;\">Evening</span></p><p><span style=\"font-size: 25px;\">Procrastination log</span>&nbsp;- During the day or at night, record the unproductive things that robbed you of your time, this will help you detect and avoid them in the future.</p><p>-&nbsp;</p><p>-&nbsp;</p><p>-</p><p><br></p><p><span style=\"font-size: 25px;\">Did something interesting happen today?</span></p><p><br></p><p><span style=\"font-size: 25px;\">Did something unexpected happen?</span></p><p><br></p><p><span style=\"font-size: 1rem; font-family: -apple-system, BlinkMacSystemFont, Helvetica, Arial, sans-serif;\">Plan out your tasks for tomorrow in the</span><span style=\"font-size: 1rem; font-family: -apple-system, BlinkMacSystemFont, Helvetica, Arial, sans-serif;\">&nbsp;</span><span style=\"font-size: 1rem; font-family: -apple-system, BlinkMacSystemFont, Helvetica, Arial, sans-serif; font-weight: bolder;\"><i>TODO Today</i></span><span style=\"font-size: 1rem; font-family: -apple-system, BlinkMacSystemFont, Helvetica, Arial, sans-serif;\">&nbsp;</span><span style=\"font-size: 1rem; font-family: -apple-system, BlinkMacSystemFont, Helvetica, Arial, sans-serif;\">module.</span></p><p><br></p>\n                \n                \n                \n                \n                \n                    ",
        "entry_type": "0",
        "created_on": "2018-10-04",
        "journal": 20
    }
},
{
    "model": "journal.journalentry",
    "pk": 50,
    "fields": {
        "title": "Week - Thu, Oct 04",
        "content": "\n                \n                \n                \n                \n                \n                \n                \n                \n                \n                \n                \n                <p><span style=\"font-size: 1rem; font-family: -apple-system, BlinkMacSystemFont, Helvetica, Arial, sans-serif;\">Continuing from the Month and Year goals this is what needs to happen this week.</span></p><p> </p><p><span style=\"font-size: 25px;\">This week's important tasks</span></p><ul><li>One&nbsp;</li><li>Two&nbsp;</li><li>Three</li></ul><p><br></p><p><span style=\"font-size: 25px;\">End of Week summary</span></p><p><span style=\"font-size: 25px;\"><span style=\"font-size: 16px;\">Go through the daily journals and write your weekly summary here. You can toggle journal review mode with the button on the top left, next to settings.</span></span></p><p><span style=\"font-size: 25px;\"><span style=\"font-size: 16px;\"><br></span></span></p><p><span style=\"font-size: 25px;\"><span style=\"font-size: 16px;\"><br></span></span></p><p><span style=\"font-size: 25px;\">Did you achieve everything, could you have done more?</span></p><p><span style=\"font-size: 25px;\"><br></span></p><p><span style=\"font-size: 25px;\"><br></span></p><p><span style=\"font-size: 25px;\">Did something interesting, unexpected happen?</span></p><p><span style=\"font-size: 25px;\"><br></span></p><p><span style=\"font-size: 25px;\"><br></span></p><p><span style=\"font-size: 25px;\">Lessons learned?</span></p><p><span style=\"font-size: 25px;\"><br></span></p><p><span style=\"font-size: 25px;\"><br></span></p><p><br></p><p><span style=\"font-size: 25px;\"><br></span><br></p>\n                \n                \n                \n                \n                \n            \n            \n            \n            \n            \n            \n            \n            \n            \n            \n            \n            \n            \n            \n            \n            \n            ",
        "entry_type": "1",
        "created_on": "2018-10-04",
        "journal": 20
    }
},
{
    "model": "journal.journalentry",
    "pk": 51,
    "fields": {
        "title": "Year - Thu, Oct 04",
        "content": "                        \n                \n                \n                \n                \n                \n                \n                \n                \n                \n                \n                \n                <p>The most important thing in the year journal are the goals. </p><p>Define the big goals here and then chunk them into smaller pieces in the month and/or week journals.</p><p>I personally often skip the monthly journal and only use the week journal to chunk my goals into bite sized pieces.</p><p> The work I can do in a week is much easier for me to estimate than the whole month.</p><p><span style=\"font-size: 25px;\">First, how to set your goals: The SMART strategy for goal setting.</span></p><p><span style=\"font-weight: bolder;\">S.M.A.R.T.&nbsp;</span>stands for&nbsp;<span style=\"font-weight: bolder;\">S</span>pecific,&nbsp;<span style=\"font-weight: bolder;\">M</span>easurable,&nbsp;<span style=\"font-weight: bolder;\">A</span>chievable,&nbsp;<span style=\"font-weight: bolder;\">R</span>elevant and&nbsp;<span style=\"font-weight: bolder;\">T</span>ime-bound.</p><ul><li>Specific -<span style=\"font-size: 1rem; font-family: -apple-system, BlinkMacSystemFont, Helvetica, Arial, sans-serif;\">Define the goal in detail, answer the questions like What, Where, When, How much etc.</span></li><li>\ufeffMeasurable - While pursuing the goal you must have a way to measure your progress</li><li>Achievable - Although the sky is the limit. Make sure to set achievable goals for the time constraint that you'll set for yourself.</li><li>Relevant - Make sure you are pursuing goals that actually improve your life.<br></li><li>Time-bound - Every goal must have a deadline, otherwise it is just a dream.</li></ul><p>Let's apply the SMART strategy to the example of starting a blog and making it successful.</p><p><span style=\"font-size: 25px;\">Vague</span><span style=\"font-size: 25px;\">\ufeff:</span> Start a blog and make it successful</p><p><span style=\"font-size: 40px;\"><span style=\"font-size: 25px;\">SMART</span></span>\ufeff</p><p>  Start a blog in the tech space, niche: VR and AR. Audience target is 5000 daily visitors by end of the year and to get featured in 2 major publications. To achieve this I will have these sub goals:</p><ul><li>Set up the blog and make the design decent.</li><li>Become a better writer.</li><li>Make connections in the industry and develop social media presence.</li><li>Become great at SEO</li></ul><p>Feel free to remove all the above, you can always find it in our knowledge base documents. The default yearly template begins bellow this line:</p><hr><p><span style=\"font-size: 25px;\">Start of year: Goals</span></p><p><span style=\"font-size: 25px;\">Goal 1</span></p><p>&nbsp; &nbsp; Description: (Define the specificity of the goal, What, Why, How, How much)</p><p>&nbsp; &nbsp; How will I measure it:&nbsp;</p><p>&nbsp; &nbsp; Deadline:&nbsp;<span style=\"font-size: 25px;\"><br></span></p><p><span style=\"font-size: 25px;\">Goal 2</span></p><p>&nbsp; &nbsp; Description: (Define the specificity of the goal, What, Why, How, How much)</p><p>&nbsp; &nbsp; How will I measure it:&nbsp;</p><p>&nbsp; &nbsp; Deadline:&nbsp;</p><p><br></p><p><span style=\"font-size: 25px;\">End of Year: Reflection</span></p><p>What lessons did you learn in the past year?</p><ul><li><br></li></ul><p>What mistakes did you make and how will you make sure you do not repeat them?</p><ul><li><br></li></ul><p>What was the best thing you did all year, the most beneficial or the most fun?</p><ul><li><br></li></ul><p>Your goals, did you overachieve or underachieve. Did they improve your life, how?</p><p><br></p><p><br></p><p><br></p><p><br></p><p><br></p><p><br></p><p><br></p><p><br></p><p><br></p><p><br></p><p><br></p><p><br></p>\n                \n                \n                \n                \n                \n            \n            \n            \n            \n            \n            \n            \n            \n            \n            \n            \n            \n            \n            \n            \n            \n            \n                    ",
        "entry_type": "3",
        "created_on": "2018-10-04",
        "journal": 20
    }
},
{
    "model": "journal.journalentry",
    "pk": 52,
    "fields": {
        "title": "Week - Sun, Oct 07",
        "content": "                        \n                \n                \n                \n                \n                \n                \n                \n                \n                \n                \n                <p><span style=\"font-size: 25px; font-family: -apple-system, BlinkMacSystemFont, Helvetica, Arial, sans-serif;\">This week's important tasks</span></p><p><span style=\"font-size: 25px; font-family: -apple-system, BlinkMacSystemFont, Helvetica, Arial, sans-serif;\"><br></span></p><p><span style=\"font-size: 25px;\">The task is to be better human every day, not getting a subscriber or sign up, but become better writer</span></p><p><span style=\"font-size: 25px;\">better marketer, better CEO, more productive, more single minded, more perceptive and better programmer.</span></p><p><span style=\"font-size: 25px;\"><br></span></p><p><span style=\"font-size: 25px;\">You can't really enjoy leasure while the plan is sitting to be fullfilled</span></p><p><span style=\"font-size: 25px;\">Or your debt is hanging</span></p><p><span style=\"font-size: 25px;\">Or you're broke</span></p><p><span style=\"font-size: 25px;\"><br></span>&nbsp;&nbsp;&nbsp;&nbsp;<span style=\"font-size: 25px; font-family: -apple-system, BlinkMacSystemFont, Helvetica, Arial, sans-serif;\">Write 3 articles on my tech blog</span></p><ol><li>The state of the VR &amp; AR industry, which company is leading the race.</li><li>Compare Oculus Rift and Htc Vive</li><li>The best VR/AR apps on the iStore</li></ol><p><br></p><p><span style=\"font-size: 25px;\">&nbsp; &nbsp; Reading:</span><span style=\"font-size: 25px;\">&nbsp;On Writing Well</span></p><ol><li>Read half of the book</li><li>Write in a book summary document the lessons that I learned<br></li></ol><p><br></p><p><span style=\"font-size: 25px;\">End of Week summary</span></p><p><span style=\"font-size: 25px;\"><span style=\"font-size: 16px;\">Go through the daily journals and write your summary here.</span></span></p><p>Then use this summary to plan your next week better.<span style=\"font-size: 25px;\"><span style=\"font-size: 16px;\"><br></span><br></span><span style=\"font-size: 25px;\"><br></span><br></p>\n                \n                \n                \n                \n                \n            \n            \n            \n            \n            \n            \n            \n            \n            \n            \n            \n            \n            \n            \n            \n            \n                    ",
        "entry_type": "1",
        "created_on": "2018-10-07",
        "journal": 14
    }
},
{
    "model": "journal.journaltemplate",
    "pk": 1,
    "fields": {
        "template_type": "0",
        "content": "Some content at least brah",
        "journal": 2
    }
},
{
    "model": "journal.journaltemplate",
    "pk": 2,
    "fields": {
        "template_type": "1",
        "content": "\n                \n                \n            \n            ",
        "journal": 2
    }
},
{
    "model": "journal.journaltemplate",
    "pk": 3,
    "fields": {
        "template_type": "2",
        "content": "\n                \n                \n            \n            ",
        "journal": 2
    }
},
{
    "model": "journal.journaltemplate",
    "pk": 4,
    "fields": {
        "template_type": "3",
        "content": "\n                \n                \n            \n            ",
        "journal": 2
    }
},
{
    "model": "journal.journaltemplate",
    "pk": 5,
    "fields": {
        "template_type": "4",
        "content": "Year here\n                \n                \n            \n            ",
        "journal": 2
    }
},
{
    "model": "journal.journaltemplate",
    "pk": 11,
    "fields": {
        "template_type": "0",
        "content": "So this is the Day template",
        "journal": 3
    }
},
{
    "model": "journal.journaltemplate",
    "pk": 12,
    "fields": {
        "template_type": "1",
        "content": "\n                \n            ",
        "journal": 3
    }
},
{
    "model": "journal.journaltemplate",
    "pk": 13,
    "fields": {
        "template_type": "2",
        "content": "\n                \n            ",
        "journal": 3
    }
},
{
    "model": "journal.journaltemplate",
    "pk": 14,
    "fields": {
        "template_type": "3",
        "content": "\n                \n            ",
        "journal": 3
    }
},
{
    "model": "journal.journaltemplate",
    "pk": 19,
    "fields": {
        "template_type": "0",
        "content": "                                                                                                    <p><br></p><p><span style=\"font-size: 40px;\"><br class=\"Apple-interchange-newline\">Morning</span></p><p>Aim to have one thing to look forward to every day and one scary or uncomfortable thing.</p><p><span style=\"font-size: 25px;\">Something I'm looking forward to today?</span></p><p><span style=\"font-size: 25px;\"><br></span></p><p><span style=\"font-size: 25px;\">Something scary or uncomfortable I'm doing today?</span></p><p><span style=\"font-size: 25px;\"><br></span></p><p><span style=\"font-size: 25px;\">What would make today a success and what a super success?</span></p><p>&nbsp;<span style=\"font-size: 25px;\">Success:&nbsp;</span></p><p><span style=\"font-size: 25px;\">&nbsp;Super Success:&nbsp;</span>\ufeff</p><p><span style=\"font-size: 25px;\"><br></span></p><p><span style=\"font-size: 25px; font-family: -apple-system, BlinkMacSystemFont, Helvetica, Arial, sans-serif;\">Write 3 things you are grateful for?</span></p><p>1.&nbsp;</p><p>2.&nbsp;</p><p>3.&nbsp;</p><p><span style=\"font-size: 25px; font-family: -apple-system, BlinkMacSystemFont, Helvetica, Arial, sans-serif;\"><br></span></p><p><span style=\"font-size: 25px; font-family: -apple-system, BlinkMacSystemFont, Helvetica, Arial, sans-serif;\">Now say out loud your major goals as if they are accomplished and think how their achievement will improve your life and the lives of others.</span></p><p>Examples:</p><p>&nbsp;&nbsp;&nbsp;&nbsp;I am the CEO of a Billion dollar company.</p><p>&nbsp;&nbsp;&nbsp;&nbsp;I am in the best shape of my life.</p><p>&nbsp;&nbsp;&nbsp;&nbsp;My company is impacting millions of people in a positive way.</p><p><br></p><p><br></p><hr><p><br></p><p><br></p><p><span style=\"font-family: -apple-system, BlinkMacSystemFont, Helvetica, Arial, sans-serif; font-size: 40px;\">Evening</span></p><p><span style=\"font-size: 25px;\">Procrastination log</span>&nbsp;- During the day or at night, record the unproductive things that robbed you of your time, this will help you detect and avoid them in the future.</p><p>-&nbsp;</p><p>-&nbsp;</p><p>-</p><p><br></p><p><span style=\"font-size: 25px;\">Did something interesting happen today?</span></p><p><br></p><p><span style=\"font-size: 25px;\">Did something unexpected happen?</span></p><p><br></p><p><span style=\"font-size: 1rem; font-family: -apple-system, BlinkMacSystemFont, Helvetica, Arial, sans-serif;\">Plan out your tasks for tomorrow in the</span><span style=\"font-size: 1rem; font-family: -apple-system, BlinkMacSystemFont, Helvetica, Arial, sans-serif;\">&nbsp;</span><span style=\"font-size: 1rem; font-family: -apple-system, BlinkMacSystemFont, Helvetica, Arial, sans-serif; font-weight: bolder;\"><i>TODO Today</i></span><span style=\"font-size: 1rem; font-family: -apple-system, BlinkMacSystemFont, Helvetica, Arial, sans-serif;\">&nbsp;</span><span style=\"font-size: 1rem; font-family: -apple-system, BlinkMacSystemFont, Helvetica, Arial, sans-serif;\">module.</span></p><p><br></p>\n                \n                \n                \n                \n                ",
        "journal": 5
    }
},
{
    "model": "journal.journaltemplate",
    "pk": 20,
    "fields": {
        "template_type": "1",
        "content": "\n                \n                \n                \n                \n                \n                \n                \n                \n                \n                \n                \n                <p><span style=\"font-size: 1rem; font-family: -apple-system, BlinkMacSystemFont, Helvetica, Arial, sans-serif;\">Continuing from the Month and Year goals this is what needs to happen this week.</span></p><p> </p><p><span style=\"font-size: 25px;\">This week's important tasks</span></p><ul><li>One&nbsp;</li><li>Two&nbsp;</li><li>Three</li></ul><p><br></p><p><span style=\"font-size: 25px;\">End of Week summary</span></p><p><span style=\"font-size: 25px;\"><span style=\"font-size: 16px;\">Go through the daily journals and write your weekly summary here. You can toggle journal review mode with the button on the top left, next to settings.</span></span></p><p><span style=\"font-size: 25px;\"><span style=\"font-size: 16px;\"><br></span></span></p><p><span style=\"font-size: 25px;\"><span style=\"font-size: 16px;\"><br></span></span></p><p><span style=\"font-size: 25px;\">Did you achieve everything, could you have done more?</span></p><p><span style=\"font-size: 25px;\"><br></span></p><p><span style=\"font-size: 25px;\"><br></span></p><p><span style=\"font-size: 25px;\">Did something interesting, unexpected happen?</span></p><p><span style=\"font-size: 25px;\"><br></span></p><p><span style=\"font-size: 25px;\"><br></span></p><p><span style=\"font-size: 25px;\">Lessons learned?</span></p><p><span style=\"font-size: 25px;\"><br></span></p><p><span style=\"font-size: 25px;\"><br></span></p><p><br></p><p><span style=\"font-size: 25px;\"><br></span><br></p>\n                \n                \n                \n                \n                \n            \n            \n            \n            \n            \n            \n            \n            \n            \n            \n            \n            \n            \n            \n            \n            \n            ",
        "journal": 5
    }
},
{
    "model": "journal.journaltemplate",
    "pk": 21,
    "fields": {
        "template_type": "2",
        "content": "\n                \n                \n                \n                \n                \n                \n                \n                \n                \n                \n                \n                \n                \n                \n                <p><span style=\"font-size: 25px;\">Break down the first thing you are going to tackle from your yearly goals.</span></p><p><span style=\"font-size: 16px;\"><br></span></p><p><span style=\"font-size: 25px;\">Top things to complete this month:</span></p><p></p><ol><li><span style=\"font-size: 25px;\"><br></span></li><li><span style=\"font-size: 25px;\"><br></span></li><li><span style=\"font-size: 25px;\"><br></span></li><li><span style=\"font-size: 25px;\"><br></span></li><li><span style=\"font-size: 25px;\"><br></span></li></ol><p><span style=\"font-size: 25px;\"><br></span></p><p><br></p><hr><p><br></p><p><span style=\"font-size: 25px;\">End of Month: Review</span></p><p><span style=\"font-size: 16px;\">Did you achieve your monthly goals?</span></p><p><span style=\"font-size: 16px;\"><br></span></p><p>Did you encounter unexpected things and how did you respond?<span style=\"font-family: -apple-system, BlinkMacSystemFont, Helvetica, Arial, sans-serif; font-size: 1rem;\">&nbsp; &nbsp;&nbsp;</span></p><p><span style=\"font-size: 16px;\"><br></span></p><p><span style=\"font-size: 16px;\"><br></span></p>\n            \n            \n            \n            \n            \n            \n            \n            \n            \n            \n            \n            \n            \n            \n            ",
        "journal": 5
    }
},
{
    "model": "journal.journaltemplate",
    "pk": 22,
    "fields": {
        "template_type": "3",
        "content": "\n                \n                \n                \n                \n                \n                \n                \n                \n                \n                \n                \n                <p>The most important thing in the year journal are the goals. </p><p>Define the big goals here and then chunk them into smaller pieces in the month and/or week journals.</p><p>I personally often skip the monthly journal and only use the week journal to chunk my goals into bite sized pieces.</p><p> The work I can do in a week is much easier for me to estimate than the whole month.</p><p><span style=\"font-size: 25px;\">First, how to set your goals: The SMART strategy for goal setting.</span></p><p><span style=\"font-weight: bolder;\">S.M.A.R.T.&nbsp;</span>stands for&nbsp;<span style=\"font-weight: bolder;\">S</span>pecific,&nbsp;<span style=\"font-weight: bolder;\">M</span>easurable,&nbsp;<span style=\"font-weight: bolder;\">A</span>chievable,&nbsp;<span style=\"font-weight: bolder;\">R</span>elevant and&nbsp;<span style=\"font-weight: bolder;\">T</span>ime-bound.</p><ul><li>Specific -<span style=\"font-size: 1rem; font-family: -apple-system, BlinkMacSystemFont, Helvetica, Arial, sans-serif;\">Define the goal in detail, answer the questions like What, Where, When, How much etc.</span></li><li>\ufeffMeasurable - While pursuing the goal you must have a way to measure your progress</li><li>Achievable - Although the sky is the limit. Make sure to set achievable goals for the time constraint that you'll set for yourself.</li><li>Relevant - Make sure you are pursuing goals that actually improve your life.<br></li><li>Time-bound - Every goal must have a deadline, otherwise it is just a dream.</li></ul><p>Let's apply the SMART strategy to the example of starting a blog and making it successful.</p><p><span style=\"font-size: 25px;\">Vague</span><span style=\"font-size: 25px;\">\ufeff:</span> Start a blog and make it successful</p><p><span style=\"font-size: 40px;\"><span style=\"font-size: 25px;\">SMART</span></span>\ufeff</p><p>  Start a blog in the tech space, niche: VR and AR. Audience target is 5000 daily visitors by end of the year and to get featured in 2 major publications. To achieve this I will have these sub goals:</p><ul><li>Set up the blog and make the design decent.</li><li>Become a better writer.</li><li>Make connections in the industry and develop social media presence.</li><li>Become great at SEO</li></ul><p>Feel free to remove all the above, you can always find it in our knowledge base documents. The default yearly template begins bellow this line:</p><hr><p><span style=\"font-size: 25px;\">Start of year: Goals</span></p><p><span style=\"font-size: 25px;\">Goal 1</span></p><p>&nbsp; &nbsp; Description: (Define the specificity of the goal, What, Why, How, How much)</p><p>&nbsp; &nbsp; How will I measure it:&nbsp;</p><p>&nbsp; &nbsp; Deadline:&nbsp;<span style=\"font-size: 25px;\"><br></span></p><p><span style=\"font-size: 25px;\">Goal 2</span></p><p>&nbsp; &nbsp; Description: (Define the specificity of the goal, What, Why, How, How much)</p><p>&nbsp; &nbsp; How will I measure it:&nbsp;</p><p>&nbsp; &nbsp; Deadline:&nbsp;</p><p><br></p><p><span style=\"font-size: 25px;\">End of Year: Reflection</span></p><p>What lessons did you learn in the past year?</p><ul><li><br></li></ul><p>What mistakes did you make and how will you make sure you do not repeat them?</p><ul><li><br></li></ul><p>What was the best thing you did all year, the most beneficial or the most fun?</p><ul><li><br></li></ul><p>Your goals, did you overachieve or underachieve. Did they improve your life, how?</p><ul><li><br></li></ul>\n                \n                \n                \n                \n                \n            \n            \n            \n            \n            \n            \n            \n            \n            \n            \n            \n            \n            \n            \n            \n            \n            ",
        "journal": 5
    }
},
{
    "model": "journal.journaltemplate",
    "pk": 39,
    "fields": {
        "template_type": "0",
        "content": "                                                                                                                        <p><br></p><p><span style=\"font-size: 40px;\">Morning</span></p><p>Aim to have one thing to look forward to every day and one scary or uncomfortable thing.</p><p><span style=\"font-size: 25px;\">What will that be today?</span></p><p><span style=\"font-size: 25px;\"><br></span></p><p><span style=\"font-size: 25px;\">What scary or uncomfortable thing will you do today?</span></p><p><br></p><p><span style=\"font-size: 25px;\">Write 3 things you are grateful for?</span></p><p><br></p><p><span style=\"font-size: 25px; font-family: -apple-system, BlinkMacSystemFont, Helvetica, Arial, sans-serif;\">Say out loud your major goals as if they are accomplished and think how their achievement will improve your life, your family's life and the world.</span></p><p><span style=\"font-size: 16px;\">Examples: </span></p><p>&nbsp;&nbsp;&nbsp;&nbsp;<span style=\"font-size: 16px;\">I am the CEO of a Billion dollar company.</span></p><p>&nbsp;&nbsp;&nbsp;&nbsp;<span style=\"font-size: 16px;\">I am in the best shape of my life.</span></p><p>&nbsp;&nbsp;&nbsp;&nbsp;<span style=\"font-size: 16px;\">My company is impacting millions of people in a positive way.</span></p><p><br></p><p><br></p><hr><p><br></p><p><span style=\"font-size: 40px;\">Evening</span></p><p><span style=\"font-size: 25px;\">Procrastination log</span> - During the day or at night, record the unproductive things that robbed you of your time, this will help you to detect and avoid them in the future.</p><p>-</p><p>-</p><p>-</p><p><br></p><p><span style=\"font-size: 25px;\">How did the scary thing go?</span></p><p><span style=\"font-size: 25px;\"><br></span></p><p><span style=\"font-size: 25px;\">Review the rest of the day?</span></p><p><span style=\"font-size: 25px;\"><br></span></p><p><span style=\"font-size: 25px;\">Did you finish your tasks, were there too much, too little?</span></p><p><br></p><p><span style=\"font-size: 25px;\">Did something unexpected happen, how will you handle it in the future?</span></p><p><br></p><p>Plan out the thing to look forward to tomorrow.</p><p>Plan out your tasks for tomorrow in the <b><i>TODO Today</i></b> module.</p>\n                \n                \n                \n                \n                \n                ",
        "journal": 14
    }
},
{
    "model": "journal.journaltemplate",
    "pk": 40,
    "fields": {
        "template_type": "1",
        "content": "\n                \n                \n                \n                \n                \n                \n                \n                \n                \n                \n                <p><span style=\"font-size: 1rem; font-family: -apple-system, BlinkMacSystemFont, Helvetica, Arial, sans-serif;\">Continuing from the Monthly goals this is what needs to happen this week.</span></p><p> </p><p><span style=\"font-size: 25px;\">This week's important tasks</span></p><p><span style=\"font-size: 25px;\"><br></span>&nbsp;&nbsp;&nbsp;&nbsp;<span style=\"font-size: 25px; font-family: -apple-system, BlinkMacSystemFont, Helvetica, Arial, sans-serif;\">Write 3 articles on my tech blog</span></p><ol><li>The state of the VR &amp; AR industry, which company is leading the race.</li><li>Compare Oculus Rift and Htc Vive</li><li>The best VR/AR apps on the iStore</li></ol><p><br></p><p><span style=\"font-size: 25px;\">&nbsp; &nbsp; Reading:</span><span style=\"font-size: 25px;\">&nbsp;On Writing Well</span></p><ol><li>Read half of the book</li><li>Write in a book summary document the lessons that I learned<br></li></ol><p><br></p><p><span style=\"font-size: 25px;\">End of Week summary</span></p><p><span style=\"font-size: 25px;\"><span style=\"font-size: 16px;\">Go through the daily journals and write your summary here.</span></span></p><p>Then use this summary to plan your next week better.<span style=\"font-size: 25px;\"><span style=\"font-size: 16px;\"><br></span><br></span><span style=\"font-size: 25px;\"><br></span><br></p>\n                \n                \n                \n                \n                \n            \n            \n            \n            \n            \n            \n            \n            \n            \n            \n            \n            \n            \n            \n            \n            ",
        "journal": 14
    }
},
{
    "model": "journal.journaltemplate",
    "pk": 41,
    "fields": {
        "template_type": "2",
        "content": "\n                \n                \n                \n                \n                \n                \n                \n                \n                \n                \n                \n                \n                \n                <p><span style=\"font-size: 16px;\">Following the goals from the Year journal, let's break down one of the more vague sub goals here.</span></p><p><span style=\"font-size: 16px;\"><span style=\"font-size: 25px;\">Goal</span>: Become better writer</span></p><p><span style=\"font-size: 16px;\"><span style=\"font-size: 25px;\">Smart Goal</span>:&nbsp;</span></p><p>&nbsp; &nbsp; To become better writer I need to write more often and read books on the subject. So this month I will write 3 articles per week and I will read the books: On Writing Well and The Elements of Style.</p><p>The template starts bellow</p><hr><p><span style=\"font-size: 25px;\">Review</span></p><p><span style=\"font-size: 16px;\">Did you achieve your monthly goals?</span></p><p><span style=\"font-size: 16px;\"><br></span></p><p>Did you encounter unexpected things and how did you respond, what would you do different</p><p>if they happened again?</p><p><br></p><p><span style=\"font-size: 25px;\"><br></span></p><hr><p><span style=\"font-size: 25px;\"><br></span></p><p><span style=\"font-size: 25px;\">Goals for this month</span></p><p><span style=\"font-size: 16px;\">Goal 1: Write 3 articles per week.</span></p><p><span style=\"font-size: 16px;\">Goal 2: Read Writing Well and The Elements of Style&nbsp;&nbsp;</span></p><p>&nbsp; &nbsp;&nbsp;<span style=\"font-size: 16px;\"><br></span></p><p><span style=\"font-size: 16px;\"><br></span></p><p><span style=\"font-size: 16px;\"><br></span></p>\n            \n            \n            \n            \n            \n            \n            \n            \n            \n            \n            \n            \n            \n            ",
        "journal": 14
    }
},
{
    "model": "journal.journaltemplate",
    "pk": 42,
    "fields": {
        "template_type": "3",
        "content": "\n                \n                \n                \n                \n                \n                \n                \n                \n                \n                \n                <p>The most important thing in the year journal are the goals, because the big ones are defined here and then the steps to achieve them are defined in the month and week journals.</p><p>We recommend the SMART strategy for goal setting.</p><p><span style=\"font-weight: bolder;\">S.M.A.R.T.&nbsp;</span>stands for&nbsp;<span style=\"font-weight: bolder;\">S</span>pecific,&nbsp;<span style=\"font-weight: bolder;\">M</span>easurable,&nbsp;<span style=\"font-weight: bolder;\">A</span>chievable,&nbsp;<span style=\"font-weight: bolder;\">R</span>elevant and&nbsp;<span style=\"font-weight: bolder;\">T</span>ime-bound.</p><ul><li>Specific -<span style=\"font-size: 1rem; font-family: -apple-system, BlinkMacSystemFont, Helvetica, Arial, sans-serif;\">Define the goal in detail, answer the questions like What, Where, When, How much etc.</span></li><li>\ufeffMeasurable - While pursuing the goal you must have a way to measure your progress</li><li>Achievable - Although the sky is the limit. Make sure to set achievable goals for the time constraint that you'll set for yourself.</li><li>Relevant - Make sure you are pursuing goals that actually improve your life.<br></li><li>Time-bound - Every goal must have a deadline, otherwise it is just a dream.</li></ul><p>Let's apply the SMART strategy to the example of starting a blog and making it successful.</p><p><span style=\"font-size: 25px;\">Vague</span><span style=\"font-size: 25px;\">\ufeff:</span> Start a blog and make it successful</p><p><span style=\"font-size: 40px;\"><span style=\"font-size: 25px;\">SMART</span></span>\ufeff</p><p>  Start a blog in the tech space, niche: VR and AR. My target is 5000 daily visitors by end of the year and to get featured in 2 major publications. To achieve this I will have these sub goals:</p><ul><li>Set up the blog and make the design decent.</li><li>Become a better writer.</li><li>Make connections in the industry and develop social media presence.</li><li>Become great at SEO</li></ul><p>Feel free to remove all the above, you can always find it in our knowledge base documents. The default yearly template begins bellow this line:</p><hr><p><span style=\"font-size: 25px;\">Reflection</span></p><p>What lessons did you learn in the past year?</p><ul><li><br></li></ul><p>What mistakes did you make and how will you make sure you do not repeat them?</p><ul><li><br></li></ul><p>What was the best thing you did all year, the most beneficial or the most fun?</p><ul><li><br></li></ul><p>Your goals, did you overachieve or underachieve. Did they improve your life, how?</p><ul><li><br></li></ul><p><span style=\"font-size: 25px;\"><br></span></p><hr><p><span style=\"font-size: 25px; font-family: -apple-system, BlinkMacSystemFont, Helvetica, Arial, sans-serif;\">This year:</span></p><p><span style=\"font-size: 25px;\"><br></span></p><p>&nbsp;&nbsp;&nbsp;&nbsp;<span style=\"font-size: 25px;\">Goals to achieve</span></p><ul><li><span style=\"font-size: 25px;\"><br></span></li></ul><p><span style=\"font-size: 25px;\"><br></span></p><p>&nbsp; &nbsp; <span style=\"font-size: 25px;\">Skills to master</span></p><ul><li><span style=\"font-size: 25px;\"><br></span></li></ul><p><span style=\"font-size: 25px;\"><br></span></p><p>&nbsp;&nbsp;&nbsp;&nbsp;<span style=\"font-size: 40px;\">\ufeff</span><span style=\"font-size: 25px;\">\ufeffPlaces to visit</span></p><ul><li><span style=\"font-size: 25px;\"><br></span><span style=\"font-size: 25px;\"><br></span></li></ul><p><span style=\"font-size: 25px;\"><br></span></p>\n                \n                \n                \n                \n                \n            \n            \n            \n            \n            \n            \n            \n            \n            \n            \n            \n            \n            \n            \n            \n            ",
        "journal": 14
    }
},
{
    "model": "journal.journaltemplate",
    "pk": 47,
    "fields": {
        "template_type": "0",
        "content": "                                                                                <p><br></p><p><span style=\"font-size: 40px;\"><br class=\"Apple-interchange-newline\">Morning</span></p><p>Aim to have one thing to look forward to every day and one scary or uncomfortable thing.</p><p><span style=\"font-size: 25px;\">Something I'm looking forward to today?</span></p><p><span style=\"font-size: 25px;\"><br></span></p><p><span style=\"font-size: 25px;\">Something scary or uncomfortable I'm doing today?</span></p><p><span style=\"font-size: 25px;\"><br></span></p><p><span style=\"font-size: 25px;\">What would make today a success and what a super success?</span></p><p>&nbsp;<span style=\"font-size: 25px;\">Success:&nbsp;</span></p><p><span style=\"font-size: 25px;\">&nbsp;Super Success:&nbsp;</span>\ufeff</p><p><span style=\"font-size: 25px;\"><br></span></p><p><span style=\"font-size: 25px; font-family: -apple-system, BlinkMacSystemFont, Helvetica, Arial, sans-serif;\">Write 3 things you are grateful for?</span></p><p>1.&nbsp;</p><p>2.&nbsp;</p><p>3.&nbsp;</p><p><span style=\"font-size: 25px; font-family: -apple-system, BlinkMacSystemFont, Helvetica, Arial, sans-serif;\"><br></span></p><p><span style=\"font-size: 25px; font-family: -apple-system, BlinkMacSystemFont, Helvetica, Arial, sans-serif;\">Now say out loud your major goals as if they are accomplished and think how their achievement will improve your life and the lives of others.</span></p><p>Examples:</p><p>&nbsp;&nbsp;&nbsp;&nbsp;I am the CEO of a Billion dollar company.</p><p>&nbsp;&nbsp;&nbsp;&nbsp;I am in the best shape of my life.</p><p>&nbsp;&nbsp;&nbsp;&nbsp;My company is impacting millions of people in a positive way.</p><p><br></p><p><br></p><hr><p><br></p><p><br></p><p><span style=\"font-family: -apple-system, BlinkMacSystemFont, Helvetica, Arial, sans-serif; font-size: 40px;\">Evening</span></p><p><span style=\"font-size: 25px;\">Procrastination log</span>&nbsp;- During the day or at night, record the unproductive things that robbed you of your time, this will help you detect and avoid them in the future.</p><p>-&nbsp;</p><p>-&nbsp;</p><p>-</p><p><br></p><p><span style=\"font-size: 25px;\">Did something interesting happen today?</span></p><p><br></p><p><span style=\"font-size: 25px;\">Did something unexpected happen?</span></p><p><br></p><p><span style=\"font-size: 1rem; font-family: -apple-system, BlinkMacSystemFont, Helvetica, Arial, sans-serif;\">Plan out your tasks for tomorrow in the</span><span style=\"font-size: 1rem; font-family: -apple-system, BlinkMacSystemFont, Helvetica, Arial, sans-serif;\">&nbsp;</span><span style=\"font-size: 1rem; font-family: -apple-system, BlinkMacSystemFont, Helvetica, Arial, sans-serif; font-weight: bolder;\"><i>TODO Today</i></span><span style=\"font-size: 1rem; font-family: -apple-system, BlinkMacSystemFont, Helvetica, Arial, sans-serif;\">&nbsp;</span><span style=\"font-size: 1rem; font-family: -apple-system, BlinkMacSystemFont, Helvetica, Arial, sans-serif;\">module.</span></p><p><br></p>\n                \n                \n                \n                ",
        "journal": 16
    }
},
{
    "model": "journal.journaltemplate",
    "pk": 48,
    "fields": {
        "template_type": "1",
        "content": "\n                \n                \n                \n                \n                \n                \n                \n                \n                \n                \n                <p><span style=\"font-size: 1rem; font-family: -apple-system, BlinkMacSystemFont, Helvetica, Arial, sans-serif;\">Continuing from the Monthly or Yearly goals this is what needs to happen this week.</span></p><p> </p><p><span style=\"font-size: 25px;\">This week's important tasks</span></p><p><br></p><p><br></p><p><br></p><p><span style=\"font-size: 25px;\">End of Week summary</span></p><p><span style=\"font-size: 25px;\"><span style=\"font-size: 16px;\">Go through the daily journals and write your weekly summary here. You can toggle journal review mode with the button on the top left, next to settings.</span></span></p><p>Then use this summary to plan your next week better.<span style=\"font-size: 25px;\"><span style=\"font-size: 16px;\"><br></span></span></p><p><span style=\"font-size: 25px;\">Did you achieve everything, could you have done more?</span></p><p><span style=\"font-size: 25px;\"><br></span></p><p><span style=\"font-size: 25px;\">Did something interesting, unexpected happen?</span></p><p><span style=\"font-size: 25px;\"><br></span></p><p><span style=\"font-size: 25px;\">Lessons learned?</span></p><p><span style=\"font-size: 25px;\"><br></span></p><p><span style=\"font-size: 25px;\"><br></span></p><p><br></p><p><span style=\"font-size: 25px;\"><br></span><br></p>\n                \n                \n                \n                \n                \n            \n            \n            \n            \n            \n            \n            \n            \n            \n            \n            \n            \n            \n            \n            \n            ",
        "journal": 16
    }
},
{
    "model": "journal.journaltemplate",
    "pk": 49,
    "fields": {
        "template_type": "2",
        "content": "\n                \n                \n                \n                \n                \n                \n                \n                \n                \n                \n                \n                \n                \n                <p><span style=\"font-size: 25px;\">Break down the first thing you are going to tackle from your yearly goals.</span></p><p><span style=\"font-size: 16px;\"><br></span></p><p><span style=\"font-size: 25px;\">Top things to complete this month:</span></p><p></p><ol><li><span style=\"font-size: 25px;\"><br></span></li><li><span style=\"font-size: 25px;\"><br></span></li><li><span style=\"font-size: 25px;\"><br></span></li><li><span style=\"font-size: 25px;\"><br></span></li><li><span style=\"font-size: 25px;\"><br></span></li></ol><p><span style=\"font-size: 25px;\"><br></span></p><p><br></p><hr><p><br></p><p><span style=\"font-size: 25px;\">End of Month: Review</span></p><p><span style=\"font-size: 16px;\">Did you achieve your monthly goals?</span></p><p><span style=\"font-size: 16px;\"><br></span></p><p>Did you encounter unexpected things and how did you respond?<span style=\"font-family: -apple-system, BlinkMacSystemFont, Helvetica, Arial, sans-serif; font-size: 1rem;\">&nbsp; &nbsp;&nbsp;</span></p><p><span style=\"font-size: 16px;\"><br></span></p><p><span style=\"font-size: 16px;\"><br></span></p>\n            \n            \n            \n            \n            \n            \n            \n            \n            \n            \n            \n            \n            \n            ",
        "journal": 16
    }
},
{
    "model": "journal.journaltemplate",
    "pk": 50,
    "fields": {
        "template_type": "3",
        "content": "\n                \n                \n                \n                \n                \n                \n                \n                \n                \n                \n                <p>The most important thing in the year journal are the goals. </p><p>Define the big goals here and then chunk them into smaller pieces in the month and/or week journals.</p><p>I personally often skip the monthly journal and use the week journal to chunk my goals into bite sized pieces.</p><p> The work I can do in a week is much easier for me to estimate than the whole month.</p><p><span style=\"font-size: 25px;\">First, how to set your goals: The SMART strategy for goal setting.</span></p><p><span style=\"font-weight: bolder;\">S.M.A.R.T.&nbsp;</span>stands for&nbsp;<span style=\"font-weight: bolder;\">S</span>pecific,&nbsp;<span style=\"font-weight: bolder;\">M</span>easurable,&nbsp;<span style=\"font-weight: bolder;\">A</span>chievable,&nbsp;<span style=\"font-weight: bolder;\">R</span>elevant and&nbsp;<span style=\"font-weight: bolder;\">T</span>ime-bound.</p><ul><li>Specific -<span style=\"font-size: 1rem; font-family: -apple-system, BlinkMacSystemFont, Helvetica, Arial, sans-serif;\">Define the goal in detail, answer the questions like What, Where, When, How much etc.</span></li><li>\ufeffMeasurable - While pursuing the goal you must have a way to measure your progress</li><li>Achievable - Although the sky is the limit. Make sure to set achievable goals for the time constraint that you'll set for yourself.</li><li>Relevant - Make sure you are pursuing goals that actually improve your life.<br></li><li>Time-bound - Every goal must have a deadline, otherwise it is just a dream.</li></ul><p>Let's apply the SMART strategy to the example of starting a blog and making it successful.</p><p><span style=\"font-size: 25px;\">Vague</span><span style=\"font-size: 25px;\">\ufeff:</span> Start a blog and make it successful</p><p><span style=\"font-size: 40px;\"><span style=\"font-size: 25px;\">SMART</span></span>\ufeff</p><p>  Start a blog in the tech space, niche: VR and AR. Audience target is 5000 daily visitors by end of the year and to get featured in 2 major publications. To achieve this I will have these sub goals:</p><ul><li>Set up the blog and make the design decent.</li><li>Become a better writer.</li><li>Make connections in the industry and develop social media presence.</li><li>Become great at SEO</li></ul><p>Feel free to remove all the above, you can always find it in our knowledge base documents. The default yearly template begins bellow this line:</p><hr><p><span style=\"font-size: 25px;\">Start of year: Goals</span></p><p><span style=\"font-size: 25px;\">Goal 1</span></p><p>&nbsp; &nbsp; Description: (Define the specificity of the goal, What, Why, How, How much)</p><p>&nbsp; &nbsp; How will I measure it:&nbsp;</p><p>&nbsp; &nbsp; Deadline:&nbsp;<span style=\"font-size: 25px;\"><br></span></p><p><span style=\"font-size: 25px;\">Goal 2</span></p><p>&nbsp; &nbsp; Description: (Define the specificity of the goal, What, Why, How, How much)</p><p>&nbsp; &nbsp; How will I measure it:&nbsp;</p><p>&nbsp; &nbsp; Deadline:&nbsp;</p><p><br></p><p><span style=\"font-size: 25px;\">End of Year: Reflection</span></p><p>What lessons did you learn in the past year?</p><ul><li><br></li></ul><p>What mistakes did you make and how will you make sure you do not repeat them?</p><ul><li><br></li></ul><p>What was the best thing you did all year, the most beneficial or the most fun?</p><ul><li><br></li></ul><p>Your goals, did you overachieve or underachieve. Did they improve your life, how?</p><ul><li><br></li></ul>\n                \n                \n                \n                \n                \n            \n            \n            \n            \n            \n            \n            \n            \n            \n            \n            \n            \n            \n            \n            \n            ",
        "journal": 16
    }
},
{
    "model": "journal.journaltemplate",
    "pk": 51,
    "fields": {
        "template_type": "0",
        "content": "                                                                                <p><br></p><p><span style=\"font-size: 40px;\"><br class=\"Apple-interchange-newline\">Morning</span></p><p>Aim to have one thing to look forward to every day and one scary or uncomfortable thing.</p><p><span style=\"font-size: 25px;\">Something I'm looking forward to today?</span></p><p><span style=\"font-size: 25px;\"><br></span></p><p><span style=\"font-size: 25px;\">Something scary or uncomfortable I'm doing today?</span></p><p><span style=\"font-size: 25px;\"><br></span></p><p><span style=\"font-size: 25px;\">What would make today a success and what a super success?</span></p><p>&nbsp;<span style=\"font-size: 25px;\">Success:&nbsp;</span></p><p><span style=\"font-size: 25px;\">&nbsp;Super Success:&nbsp;</span>\ufeff</p><p><span style=\"font-size: 25px;\"><br></span></p><p><span style=\"font-size: 25px; font-family: -apple-system, BlinkMacSystemFont, Helvetica, Arial, sans-serif;\">Write 3 things you are grateful for?</span></p><p>1.&nbsp;</p><p>2.&nbsp;</p><p>3.&nbsp;</p><p><span style=\"font-size: 25px; font-family: -apple-system, BlinkMacSystemFont, Helvetica, Arial, sans-serif;\"><br></span></p><p><span style=\"font-size: 25px; font-family: -apple-system, BlinkMacSystemFont, Helvetica, Arial, sans-serif;\">Now say out loud your major goals as if they are accomplished and think how their achievement will improve your life and the lives of others.</span></p><p>Examples:</p><p>&nbsp;&nbsp;&nbsp;&nbsp;I am the CEO of a Billion dollar company.</p><p>&nbsp;&nbsp;&nbsp;&nbsp;I am in the best shape of my life.</p><p>&nbsp;&nbsp;&nbsp;&nbsp;My company is impacting millions of people in a positive way.</p><p><br></p><p><br></p><hr><p><br></p><p><br></p><p><span style=\"font-family: -apple-system, BlinkMacSystemFont, Helvetica, Arial, sans-serif; font-size: 40px;\">Evening</span></p><p><span style=\"font-size: 25px;\">Procrastination log</span>&nbsp;- During the day or at night, record the unproductive things that robbed you of your time, this will help you detect and avoid them in the future.</p><p>-&nbsp;</p><p>-&nbsp;</p><p>-</p><p><br></p><p><span style=\"font-size: 25px;\">Did something interesting happen today?</span></p><p><br></p><p><span style=\"font-size: 25px;\">Did something unexpected happen?</span></p><p><br></p><p><span style=\"font-size: 1rem; font-family: -apple-system, BlinkMacSystemFont, Helvetica, Arial, sans-serif;\">Plan out your tasks for tomorrow in the</span><span style=\"font-size: 1rem; font-family: -apple-system, BlinkMacSystemFont, Helvetica, Arial, sans-serif;\">&nbsp;</span><span style=\"font-size: 1rem; font-family: -apple-system, BlinkMacSystemFont, Helvetica, Arial, sans-serif; font-weight: bolder;\"><i>TODO Today</i></span><span style=\"font-size: 1rem; font-family: -apple-system, BlinkMacSystemFont, Helvetica, Arial, sans-serif;\">&nbsp;</span><span style=\"font-size: 1rem; font-family: -apple-system, BlinkMacSystemFont, Helvetica, Arial, sans-serif;\">module.</span></p><p><br></p>\n                \n                \n                \n                ",
        "journal": 17
    }
},
{
    "model": "journal.journaltemplate",
    "pk": 52,
    "fields": {
        "template_type": "1",
        "content": "\n                \n                \n                \n                \n                \n                \n                \n                \n                \n                \n                <p><span style=\"font-size: 1rem; font-family: -apple-system, BlinkMacSystemFont, Helvetica, Arial, sans-serif;\">Continuing from the Monthly or Yearly goals this is what needs to happen this week.</span></p><p> </p><p><span style=\"font-size: 25px;\">This week's important tasks</span></p><p><br></p><p><br></p><p><br></p><p><span style=\"font-size: 25px;\">End of Week summary</span></p><p><span style=\"font-size: 25px;\"><span style=\"font-size: 16px;\">Go through the daily journals and write your weekly summary here. You can toggle journal review mode with the button on the top left, next to settings.</span></span></p><p>Then use this summary to plan your next week better.<span style=\"font-size: 25px;\"><span style=\"font-size: 16px;\"><br></span></span></p><p><span style=\"font-size: 25px;\">Did you achieve everything, could you have done more?</span></p><p><span style=\"font-size: 25px;\"><br></span></p><p><span style=\"font-size: 25px;\">Did something interesting, unexpected happen?</span></p><p><span style=\"font-size: 25px;\"><br></span></p><p><span style=\"font-size: 25px;\">Lessons learned?</span></p><p><span style=\"font-size: 25px;\"><br></span></p><p><span style=\"font-size: 25px;\"><br></span></p><p><br></p><p><span style=\"font-size: 25px;\"><br></span><br></p>\n                \n                \n                \n                \n                \n            \n            \n            \n            \n            \n            \n            \n            \n            \n            \n            \n            \n            \n            \n            \n            ",
        "journal": 17
    }
},
{
    "model": "journal.journaltemplate",
    "pk": 53,
    "fields": {
        "template_type": "2",
        "content": "\n                \n                \n                \n                \n                \n                \n                \n                \n                \n                \n                \n                \n                \n                <p><span style=\"font-size: 25px;\">Break down the first thing you are going to tackle from your yearly goals.</span></p><p><span style=\"font-size: 16px;\"><br></span></p><p><span style=\"font-size: 25px;\">Top things to complete this month:</span></p><p></p><ol><li><span style=\"font-size: 25px;\"><br></span></li><li><span style=\"font-size: 25px;\"><br></span></li><li><span style=\"font-size: 25px;\"><br></span></li><li><span style=\"font-size: 25px;\"><br></span></li><li><span style=\"font-size: 25px;\"><br></span></li></ol><p><span style=\"font-size: 25px;\"><br></span></p><p><br></p><hr><p><br></p><p><span style=\"font-size: 25px;\">End of Month: Review</span></p><p><span style=\"font-size: 16px;\">Did you achieve your monthly goals?</span></p><p><span style=\"font-size: 16px;\"><br></span></p><p>Did you encounter unexpected things and how did you respond?<span style=\"font-family: -apple-system, BlinkMacSystemFont, Helvetica, Arial, sans-serif; font-size: 1rem;\">&nbsp; &nbsp;&nbsp;</span></p><p><span style=\"font-size: 16px;\"><br></span></p><p><span style=\"font-size: 16px;\"><br></span></p>\n            \n            \n            \n            \n            \n            \n            \n            \n            \n            \n            \n            \n            \n            ",
        "journal": 17
    }
},
{
    "model": "journal.journaltemplate",
    "pk": 54,
    "fields": {
        "template_type": "3",
        "content": "\n                \n                \n                \n                \n                \n                \n                \n                \n                \n                \n                <p>The most important thing in the year journal are the goals. </p><p>Define the big goals here and then chunk them into smaller pieces in the month and/or week journals.</p><p>I personally often skip the monthly journal and use the week journal to chunk my goals into bite sized pieces.</p><p> The work I can do in a week is much easier for me to estimate than the whole month.</p><p><span style=\"font-size: 25px;\">First, how to set your goals: The SMART strategy for goal setting.</span></p><p><span style=\"font-weight: bolder;\">S.M.A.R.T.&nbsp;</span>stands for&nbsp;<span style=\"font-weight: bolder;\">S</span>pecific,&nbsp;<span style=\"font-weight: bolder;\">M</span>easurable,&nbsp;<span style=\"font-weight: bolder;\">A</span>chievable,&nbsp;<span style=\"font-weight: bolder;\">R</span>elevant and&nbsp;<span style=\"font-weight: bolder;\">T</span>ime-bound.</p><ul><li>Specific -<span style=\"font-size: 1rem; font-family: -apple-system, BlinkMacSystemFont, Helvetica, Arial, sans-serif;\">Define the goal in detail, answer the questions like What, Where, When, How much etc.</span></li><li>\ufeffMeasurable - While pursuing the goal you must have a way to measure your progress</li><li>Achievable - Although the sky is the limit. Make sure to set achievable goals for the time constraint that you'll set for yourself.</li><li>Relevant - Make sure you are pursuing goals that actually improve your life.<br></li><li>Time-bound - Every goal must have a deadline, otherwise it is just a dream.</li></ul><p>Let's apply the SMART strategy to the example of starting a blog and making it successful.</p><p><span style=\"font-size: 25px;\">Vague</span><span style=\"font-size: 25px;\">\ufeff:</span> Start a blog and make it successful</p><p><span style=\"font-size: 40px;\"><span style=\"font-size: 25px;\">SMART</span></span>\ufeff</p><p>  Start a blog in the tech space, niche: VR and AR. Audience target is 5000 daily visitors by end of the year and to get featured in 2 major publications. To achieve this I will have these sub goals:</p><ul><li>Set up the blog and make the design decent.</li><li>Become a better writer.</li><li>Make connections in the industry and develop social media presence.</li><li>Become great at SEO</li></ul><p>Feel free to remove all the above, you can always find it in our knowledge base documents. The default yearly template begins bellow this line:</p><hr><p><span style=\"font-size: 25px;\">Start of year: Goals</span></p><p><span style=\"font-size: 25px;\">Goal 1</span></p><p>&nbsp; &nbsp; Description: (Define the specificity of the goal, What, Why, How, How much)</p><p>&nbsp; &nbsp; How will I measure it:&nbsp;</p><p>&nbsp; &nbsp; Deadline:&nbsp;<span style=\"font-size: 25px;\"><br></span></p><p><span style=\"font-size: 25px;\">Goal 2</span></p><p>&nbsp; &nbsp; Description: (Define the specificity of the goal, What, Why, How, How much)</p><p>&nbsp; &nbsp; How will I measure it:&nbsp;</p><p>&nbsp; &nbsp; Deadline:&nbsp;</p><p><br></p><p><span style=\"font-size: 25px;\">End of Year: Reflection</span></p><p>What lessons did you learn in the past year?</p><ul><li><br></li></ul><p>What mistakes did you make and how will you make sure you do not repeat them?</p><ul><li><br></li></ul><p>What was the best thing you did all year, the most beneficial or the most fun?</p><ul><li><br></li></ul><p>Your goals, did you overachieve or underachieve. Did they improve your life, how?</p><ul><li><br></li></ul>\n                \n                \n                \n                \n                \n            \n            \n            \n            \n            \n            \n            \n            \n            \n            \n            \n            \n            \n            \n            \n            ",
        "journal": 17
    }
},
{
    "model": "journal.journaltemplate",
    "pk": 55,
    "fields": {
        "template_type": "0",
        "content": "                                                                                <p><br></p><p><span style=\"font-size: 40px;\"><br class=\"Apple-interchange-newline\">Morning</span></p><p>Aim to have one thing to look forward to every day and one scary or uncomfortable thing.</p><p><span style=\"font-size: 25px;\">Something I'm looking forward to today?</span></p><p><span style=\"font-size: 25px;\"><br></span></p><p><span style=\"font-size: 25px;\">Something scary or uncomfortable I'm doing today?</span></p><p><span style=\"font-size: 25px;\"><br></span></p><p><span style=\"font-size: 25px;\">What would make today a success and what a super success?</span></p><p>&nbsp;<span style=\"font-size: 25px;\">Success:&nbsp;</span></p><p><span style=\"font-size: 25px;\">&nbsp;Super Success:&nbsp;</span>\ufeff</p><p><span style=\"font-size: 25px;\"><br></span></p><p><span style=\"font-size: 25px; font-family: -apple-system, BlinkMacSystemFont, Helvetica, Arial, sans-serif;\">Write 3 things you are grateful for?</span></p><p>1.&nbsp;</p><p>2.&nbsp;</p><p>3.&nbsp;</p><p><span style=\"font-size: 25px; font-family: -apple-system, BlinkMacSystemFont, Helvetica, Arial, sans-serif;\"><br></span></p><p><span style=\"font-size: 25px; font-family: -apple-system, BlinkMacSystemFont, Helvetica, Arial, sans-serif;\">Now say out loud your major goals as if they are accomplished and think how their achievement will improve your life and the lives of others.</span></p><p>Examples:</p><p>&nbsp;&nbsp;&nbsp;&nbsp;I am the CEO of a Billion dollar company.</p><p>&nbsp;&nbsp;&nbsp;&nbsp;I am in the best shape of my life.</p><p>&nbsp;&nbsp;&nbsp;&nbsp;My company is impacting millions of people in a positive way.</p><p><br></p><p><br></p><hr><p><br></p><p><br></p><p><span style=\"font-family: -apple-system, BlinkMacSystemFont, Helvetica, Arial, sans-serif; font-size: 40px;\">Evening</span></p><p><span style=\"font-size: 25px;\">Procrastination log</span>&nbsp;- During the day or at night, record the unproductive things that robbed you of your time, this will help you detect and avoid them in the future.</p><p>-&nbsp;</p><p>-&nbsp;</p><p>-</p><p><br></p><p><span style=\"font-size: 25px;\">Did something interesting happen today?</span></p><p><br></p><p><span style=\"font-size: 25px;\">Did something unexpected happen?</span></p><p><br></p><p><span style=\"font-size: 1rem; font-family: -apple-system, BlinkMacSystemFont, Helvetica, Arial, sans-serif;\">Plan out your tasks for tomorrow in the</span><span style=\"font-size: 1rem; font-family: -apple-system, BlinkMacSystemFont, Helvetica, Arial, sans-serif;\">&nbsp;</span><span style=\"font-size: 1rem; font-family: -apple-system, BlinkMacSystemFont, Helvetica, Arial, sans-serif; font-weight: bolder;\"><i>TODO Today</i></span><span style=\"font-size: 1rem; font-family: -apple-system, BlinkMacSystemFont, Helvetica, Arial, sans-serif;\">&nbsp;</span><span style=\"font-size: 1rem; font-family: -apple-system, BlinkMacSystemFont, Helvetica, Arial, sans-serif;\">module.</span></p><p><br></p>\n                \n                \n                \n                ",
        "journal": 18
    }
},
{
    "model": "journal.journaltemplate",
    "pk": 56,
    "fields": {
        "template_type": "1",
        "content": "\n                \n                \n                \n                \n                \n                \n                \n                \n                \n                \n                <p><span style=\"font-size: 1rem; font-family: -apple-system, BlinkMacSystemFont, Helvetica, Arial, sans-serif;\">Continuing from the Monthly or Yearly goals this is what needs to happen this week.</span></p><p> </p><p><span style=\"font-size: 25px;\">This week's important tasks</span></p><p><br></p><p><br></p><p><br></p><p><span style=\"font-size: 25px;\">End of Week summary</span></p><p><span style=\"font-size: 25px;\"><span style=\"font-size: 16px;\">Go through the daily journals and write your weekly summary here. You can toggle journal review mode with the button on the top left, next to settings.</span></span></p><p>Then use this summary to plan your next week better.<span style=\"font-size: 25px;\"><span style=\"font-size: 16px;\"><br></span></span></p><p><span style=\"font-size: 25px;\">Did you achieve everything, could you have done more?</span></p><p><span style=\"font-size: 25px;\"><br></span></p><p><span style=\"font-size: 25px;\">Did something interesting, unexpected happen?</span></p><p><span style=\"font-size: 25px;\"><br></span></p><p><span style=\"font-size: 25px;\">Lessons learned?</span></p><p><span style=\"font-size: 25px;\"><br></span></p><p><span style=\"font-size: 25px;\"><br></span></p><p><br></p><p><span style=\"font-size: 25px;\"><br></span><br></p>\n                \n                \n                \n                \n                \n            \n            \n            \n            \n            \n            \n            \n            \n            \n            \n            \n            \n            \n            \n            \n            ",
        "journal": 18
    }
},
{
    "model": "journal.journaltemplate",
    "pk": 57,
    "fields": {
        "template_type": "2",
        "content": "\n                \n                \n                \n                \n                \n                \n                \n                \n                \n                \n                \n                \n                \n                <p><span style=\"font-size: 25px;\">Break down the first thing you are going to tackle from your yearly goals.</span></p><p><span style=\"font-size: 16px;\"><br></span></p><p><span style=\"font-size: 25px;\">Top things to complete this month:</span></p><p></p><ol><li><span style=\"font-size: 25px;\"><br></span></li><li><span style=\"font-size: 25px;\"><br></span></li><li><span style=\"font-size: 25px;\"><br></span></li><li><span style=\"font-size: 25px;\"><br></span></li><li><span style=\"font-size: 25px;\"><br></span></li></ol><p><span style=\"font-size: 25px;\"><br></span></p><p><br></p><hr><p><br></p><p><span style=\"font-size: 25px;\">End of Month: Review</span></p><p><span style=\"font-size: 16px;\">Did you achieve your monthly goals?</span></p><p><span style=\"font-size: 16px;\"><br></span></p><p>Did you encounter unexpected things and how did you respond?<span style=\"font-family: -apple-system, BlinkMacSystemFont, Helvetica, Arial, sans-serif; font-size: 1rem;\">&nbsp; &nbsp;&nbsp;</span></p><p><span style=\"font-size: 16px;\"><br></span></p><p><span style=\"font-size: 16px;\"><br></span></p>\n            \n            \n            \n            \n            \n            \n            \n            \n            \n            \n            \n            \n            \n            ",
        "journal": 18
    }
},
{
    "model": "journal.journaltemplate",
    "pk": 58,
    "fields": {
        "template_type": "3",
        "content": "\n                \n                \n                \n                \n                \n                \n                \n                \n                \n                \n                <p>The most important thing in the year journal are the goals. </p><p>Define the big goals here and then chunk them into smaller pieces in the month and/or week journals.</p><p>I personally often skip the monthly journal and use the week journal to chunk my goals into bite sized pieces.</p><p> The work I can do in a week is much easier for me to estimate than the whole month.</p><p><span style=\"font-size: 25px;\">First, how to set your goals: The SMART strategy for goal setting.</span></p><p><span style=\"font-weight: bolder;\">S.M.A.R.T.&nbsp;</span>stands for&nbsp;<span style=\"font-weight: bolder;\">S</span>pecific,&nbsp;<span style=\"font-weight: bolder;\">M</span>easurable,&nbsp;<span style=\"font-weight: bolder;\">A</span>chievable,&nbsp;<span style=\"font-weight: bolder;\">R</span>elevant and&nbsp;<span style=\"font-weight: bolder;\">T</span>ime-bound.</p><ul><li>Specific -<span style=\"font-size: 1rem; font-family: -apple-system, BlinkMacSystemFont, Helvetica, Arial, sans-serif;\">Define the goal in detail, answer the questions like What, Where, When, How much etc.</span></li><li>\ufeffMeasurable - While pursuing the goal you must have a way to measure your progress</li><li>Achievable - Although the sky is the limit. Make sure to set achievable goals for the time constraint that you'll set for yourself.</li><li>Relevant - Make sure you are pursuing goals that actually improve your life.<br></li><li>Time-bound - Every goal must have a deadline, otherwise it is just a dream.</li></ul><p>Let's apply the SMART strategy to the example of starting a blog and making it successful.</p><p><span style=\"font-size: 25px;\">Vague</span><span style=\"font-size: 25px;\">\ufeff:</span> Start a blog and make it successful</p><p><span style=\"font-size: 40px;\"><span style=\"font-size: 25px;\">SMART</span></span>\ufeff</p><p>  Start a blog in the tech space, niche: VR and AR. Audience target is 5000 daily visitors by end of the year and to get featured in 2 major publications. To achieve this I will have these sub goals:</p><ul><li>Set up the blog and make the design decent.</li><li>Become a better writer.</li><li>Make connections in the industry and develop social media presence.</li><li>Become great at SEO</li></ul><p>Feel free to remove all the above, you can always find it in our knowledge base documents. The default yearly template begins bellow this line:</p><hr><p><span style=\"font-size: 25px;\">Start of year: Goals</span></p><p><span style=\"font-size: 25px;\">Goal 1</span></p><p>&nbsp; &nbsp; Description: (Define the specificity of the goal, What, Why, How, How much)</p><p>&nbsp; &nbsp; How will I measure it:&nbsp;</p><p>&nbsp; &nbsp; Deadline:&nbsp;<span style=\"font-size: 25px;\"><br></span></p><p><span style=\"font-size: 25px;\">Goal 2</span></p><p>&nbsp; &nbsp; Description: (Define the specificity of the goal, What, Why, How, How much)</p><p>&nbsp; &nbsp; How will I measure it:&nbsp;</p><p>&nbsp; &nbsp; Deadline:&nbsp;</p><p><br></p><p><span style=\"font-size: 25px;\">End of Year: Reflection</span></p><p>What lessons did you learn in the past year?</p><ul><li><br></li></ul><p>What mistakes did you make and how will you make sure you do not repeat them?</p><ul><li><br></li></ul><p>What was the best thing you did all year, the most beneficial or the most fun?</p><ul><li><br></li></ul><p>Your goals, did you overachieve or underachieve. Did they improve your life, how?</p><ul><li><br></li></ul>\n                \n                \n                \n                \n                \n            \n            \n            \n            \n            \n            \n            \n            \n            \n            \n            \n            \n            \n            \n            \n            ",
        "journal": 18
    }
},
{
    "model": "journal.journaltemplate",
    "pk": 63,
    "fields": {
        "template_type": "0",
        "content": "                                                                                                    <p><br></p><p><span style=\"font-size: 40px;\"><br class=\"Apple-interchange-newline\">Morning</span></p><p>Aim to have one thing to look forward to every day and one scary or uncomfortable thing.</p><p><span style=\"font-size: 25px;\">Something I'm looking forward to today?</span></p><p><span style=\"font-size: 25px;\"><br></span></p><p><span style=\"font-size: 25px;\">Something scary or uncomfortable I'm doing today?</span></p><p><span style=\"font-size: 25px;\"><br></span></p><p><span style=\"font-size: 25px;\">What would make today a success and what a super success?</span></p><p>&nbsp;<span style=\"font-size: 25px;\">Success:&nbsp;</span></p><p><span style=\"font-size: 25px;\">&nbsp;Super Success:&nbsp;</span>\ufeff</p><p><span style=\"font-size: 25px;\"><br></span></p><p><span style=\"font-size: 25px; font-family: -apple-system, BlinkMacSystemFont, Helvetica, Arial, sans-serif;\">Write 3 things you are grateful for?</span></p><p>1.&nbsp;</p><p>2.&nbsp;</p><p>3.&nbsp;</p><p><span style=\"font-size: 25px; font-family: -apple-system, BlinkMacSystemFont, Helvetica, Arial, sans-serif;\"><br></span></p><p><span style=\"font-size: 25px; font-family: -apple-system, BlinkMacSystemFont, Helvetica, Arial, sans-serif;\">Now say out loud your major goals as if they are accomplished and think how their achievement will improve your life and the lives of others.</span></p><p>Examples:</p><p>&nbsp;&nbsp;&nbsp;&nbsp;I am the CEO of a Billion dollar company.</p><p>&nbsp;&nbsp;&nbsp;&nbsp;I am in the best shape of my life.</p><p>&nbsp;&nbsp;&nbsp;&nbsp;My company is impacting millions of people in a positive way.</p><p><br></p><p><br></p><hr><p><br></p><p><br></p><p><span style=\"font-family: -apple-system, BlinkMacSystemFont, Helvetica, Arial, sans-serif; font-size: 40px;\">Evening</span></p><p><span style=\"font-size: 25px;\">Procrastination log</span>&nbsp;- During the day or at night, record the unproductive things that robbed you of your time, this will help you detect and avoid them in the future.</p><p>-&nbsp;</p><p>-&nbsp;</p><p>-</p><p><br></p><p><span style=\"font-size: 25px;\">Did something interesting happen today?</span></p><p><br></p><p><span style=\"font-size: 25px;\">Did something unexpected happen?</span></p><p><br></p><p><span style=\"font-size: 1rem; font-family: -apple-system, BlinkMacSystemFont, Helvetica, Arial, sans-serif;\">Plan out your tasks for tomorrow in the</span><span style=\"font-size: 1rem; font-family: -apple-system, BlinkMacSystemFont, Helvetica, Arial, sans-serif;\">&nbsp;</span><span style=\"font-size: 1rem; font-family: -apple-system, BlinkMacSystemFont, Helvetica, Arial, sans-serif; font-weight: bolder;\"><i>TODO Today</i></span><span style=\"font-size: 1rem; font-family: -apple-system, BlinkMacSystemFont, Helvetica, Arial, sans-serif;\">&nbsp;</span><span style=\"font-size: 1rem; font-family: -apple-system, BlinkMacSystemFont, Helvetica, Arial, sans-serif;\">module.</span></p><p><br></p>\n                \n                \n                \n                \n                ",
        "journal": 20
    }
},
{
    "model": "journal.journaltemplate",
    "pk": 64,
    "fields": {
        "template_type": "1",
        "content": "\n                \n                \n                \n                \n                \n                \n                \n                \n                \n                \n                \n                <p><span style=\"font-size: 1rem; font-family: -apple-system, BlinkMacSystemFont, Helvetica, Arial, sans-serif;\">Continuing from the Month and Year goals this is what needs to happen this week.</span></p><p> </p><p><span style=\"font-size: 25px;\">This week's important tasks</span></p><ul><li>One&nbsp;</li><li>Two&nbsp;</li><li>Three</li></ul><p><br></p><p><span style=\"font-size: 25px;\">End of Week summary</span></p><p><span style=\"font-size: 25px;\"><span style=\"font-size: 16px;\">Go through the daily journals and write your weekly summary here. You can toggle journal review mode with the button on the top left, next to settings.</span></span></p><p><span style=\"font-size: 25px;\"><span style=\"font-size: 16px;\"><br></span></span></p><p><span style=\"font-size: 25px;\"><span style=\"font-size: 16px;\"><br></span></span></p><p><span style=\"font-size: 25px;\">Did you achieve everything, could you have done more?</span></p><p><span style=\"font-size: 25px;\"><br></span></p><p><span style=\"font-size: 25px;\"><br></span></p><p><span style=\"font-size: 25px;\">Did something interesting, unexpected happen?</span></p><p><span style=\"font-size: 25px;\"><br></span></p><p><span style=\"font-size: 25px;\"><br></span></p><p><span style=\"font-size: 25px;\">Lessons learned?</span></p><p><span style=\"font-size: 25px;\"><br></span></p><p><span style=\"font-size: 25px;\"><br></span></p><p><br></p><p><span style=\"font-size: 25px;\"><br></span><br></p>\n                \n                \n                \n                \n                \n            \n            \n            \n            \n            \n            \n            \n            \n            \n            \n            \n            \n            \n            \n            \n            \n            ",
        "journal": 20
    }
},
{
    "model": "journal.journaltemplate",
    "pk": 65,
    "fields": {
        "template_type": "2",
        "content": "\n                \n                \n                \n                \n                \n                \n                \n                \n                \n                \n                \n                \n                \n                \n                <p><span style=\"font-size: 25px;\">Break down the first thing you are going to tackle from your yearly goals.</span></p><p><span style=\"font-size: 16px;\"><br></span></p><p><span style=\"font-size: 25px;\">Top things to complete this month:</span></p><p></p><ol><li><span style=\"font-size: 25px;\"><br></span></li><li><span style=\"font-size: 25px;\"><br></span></li><li><span style=\"font-size: 25px;\"><br></span></li><li><span style=\"font-size: 25px;\"><br></span></li><li><span style=\"font-size: 25px;\"><br></span></li></ol><p><span style=\"font-size: 25px;\"><br></span></p><p><br></p><hr><p><br></p><p><span style=\"font-size: 25px;\">End of Month: Review</span></p><p><span style=\"font-size: 16px;\">Did you achieve your monthly goals?</span></p><p><span style=\"font-size: 16px;\"><br></span></p><p>Did you encounter unexpected things and how did you respond?<span style=\"font-family: -apple-system, BlinkMacSystemFont, Helvetica, Arial, sans-serif; font-size: 1rem;\">&nbsp; &nbsp;&nbsp;</span></p><p><span style=\"font-size: 16px;\"><br></span></p><p><span style=\"font-size: 16px;\"><br></span></p>\n            \n            \n            \n            \n            \n            \n            \n            \n            \n            \n            \n            \n            \n            \n            ",
        "journal": 20
    }
},
{
    "model": "journal.journaltemplate",
    "pk": 66,
    "fields": {
        "template_type": "3",
        "content": "\n                \n                \n                \n                \n                \n                \n                \n                \n                \n                \n                \n                <p>The most important thing in the year journal are the goals. </p><p>Define the big goals here and then chunk them into smaller pieces in the month and/or week journals.</p><p>I personally often skip the monthly journal and only use the week journal to chunk my goals into bite sized pieces.</p><p> The work I can do in a week is much easier for me to estimate than the whole month.</p><p><span style=\"font-size: 25px;\">First, how to set your goals: The SMART strategy for goal setting.</span></p><p><span style=\"font-weight: bolder;\">S.M.A.R.T.&nbsp;</span>stands for&nbsp;<span style=\"font-weight: bolder;\">S</span>pecific,&nbsp;<span style=\"font-weight: bolder;\">M</span>easurable,&nbsp;<span style=\"font-weight: bolder;\">A</span>chievable,&nbsp;<span style=\"font-weight: bolder;\">R</span>elevant and&nbsp;<span style=\"font-weight: bolder;\">T</span>ime-bound.</p><ul><li>Specific -<span style=\"font-size: 1rem; font-family: -apple-system, BlinkMacSystemFont, Helvetica, Arial, sans-serif;\">Define the goal in detail, answer the questions like What, Where, When, How much etc.</span></li><li>\ufeffMeasurable - While pursuing the goal you must have a way to measure your progress</li><li>Achievable - Although the sky is the limit. Make sure to set achievable goals for the time constraint that you'll set for yourself.</li><li>Relevant - Make sure you are pursuing goals that actually improve your life.<br></li><li>Time-bound - Every goal must have a deadline, otherwise it is just a dream.</li></ul><p>Let's apply the SMART strategy to the example of starting a blog and making it successful.</p><p><span style=\"font-size: 25px;\">Vague</span><span style=\"font-size: 25px;\">\ufeff:</span> Start a blog and make it successful</p><p><span style=\"font-size: 40px;\"><span style=\"font-size: 25px;\">SMART</span></span>\ufeff</p><p>  Start a blog in the tech space, niche: VR and AR. Audience target is 5000 daily visitors by end of the year and to get featured in 2 major publications. To achieve this I will have these sub goals:</p><ul><li>Set up the blog and make the design decent.</li><li>Become a better writer.</li><li>Make connections in the industry and develop social media presence.</li><li>Become great at SEO</li></ul><p>Feel free to remove all the above, you can always find it in our knowledge base documents. The default yearly template begins bellow this line:</p><hr><p><span style=\"font-size: 25px;\">Start of year: Goals</span></p><p><span style=\"font-size: 25px;\">Goal 1</span></p><p>&nbsp; &nbsp; Description: (Define the specificity of the goal, What, Why, How, How much)</p><p>&nbsp; &nbsp; How will I measure it:&nbsp;</p><p>&nbsp; &nbsp; Deadline:&nbsp;<span style=\"font-size: 25px;\"><br></span></p><p><span style=\"font-size: 25px;\">Goal 2</span></p><p>&nbsp; &nbsp; Description: (Define the specificity of the goal, What, Why, How, How much)</p><p>&nbsp; &nbsp; How will I measure it:&nbsp;</p><p>&nbsp; &nbsp; Deadline:&nbsp;</p><p><br></p><p><span style=\"font-size: 25px;\">End of Year: Reflection</span></p><p>What lessons did you learn in the past year?</p><ul><li><br></li></ul><p>What mistakes did you make and how will you make sure you do not repeat them?</p><ul><li><br></li></ul><p>What was the best thing you did all year, the most beneficial or the most fun?</p><ul><li><br></li></ul><p>Your goals, did you overachieve or underachieve. Did they improve your life, how?</p><ul><li><br></li></ul>\n                \n                \n                \n                \n                \n            \n            \n            \n            \n            \n            \n            \n            \n            \n            \n            \n            \n            \n            \n            \n            \n            ",
        "journal": 20
    }
},
{
    "model": "notebooks.notebook",
    "pk": 1,
    "fields": {
        "created_on": "2018-05-15T15:16:28.616",
        "updated_on": "2018-08-08T11:44:01.905",
        "title": "Book summaries",
        "description": "sumaries of my books",
        "user": 1
    }
},
{
    "model": "notebooks.notebook",
    "pk": 2,
    "fields": {
        "created_on": "2018-06-11T20:16:17.259",
        "updated_on": "2018-08-08T11:44:01.905",
        "title": "Checklists",
        "description": "Common lists of things to remember",
        "user": 1
    }
},
{
    "model": "notebooks.notebook",
    "pk": 3,
    "fields": {
        "created_on": "2018-06-21T15:02:47.320",
        "updated_on": "2018-08-08T11:44:01.905",
        "title": "Book summaries",
        "description": "My book summaries",
        "user": 2
    }
},
{
    "model": "notebooks.notebook",
    "pk": 6,
    "fields": {
        "created_on": "2018-07-21T09:59:40.176",
        "updated_on": "2018-08-08T11:44:01.905",
        "title": "Articles to write",
        "description": "",
        "user": 2
    }
},
{
    "model": "notebooks.notebook",
    "pk": 16,
    "fields": {
        "created_on": "2018-09-23T06:58:03.564",
        "updated_on": "2018-09-23T06:58:03.564",
        "title": "My notes",
        "description": "",
        "user": 16
    }
},
{
    "model": "notebooks.notebook",
    "pk": 19,
    "fields": {
        "created_on": "2018-10-02T05:32:42.508",
        "updated_on": "2018-10-02T05:32:42.508",
        "title": "Book Summary Notebook",
        "description": "",
        "user": 6
    }
},
{
    "model": "notebooks.notebook",
    "pk": 20,
    "fields": {
        "created_on": "2018-10-04T16:14:46.077",
        "updated_on": "2018-10-04T16:14:46.077",
        "title": "Book Summary Notebook",
        "description": "",
        "user": 22
    }
},
{
    "model": "notebooks.notebook",
    "pk": 21,
    "fields": {
        "created_on": "2018-10-04T16:18:08.359",
        "updated_on": "2018-10-04T16:18:08.359",
        "title": "lol",
        "description": "",
        "user": 22
    }
},
{
    "model": "notebooks.note",
    "pk": 1,
    "fields": {
        "created_on": "2018-05-29T18:56:27.722",
        "updated_on": "2018-08-08T11:44:01.894",
        "title": "<p>Checklist: Travel</p>",
        "content": "<ul><li>Book flight</li><li>Check passport expiry date</li><li>Pack clothes</li><li>Get backup battery</li><li>Pack survival kit</li></ul>",
        "notebook": 1
    }
},
{
    "model": "notebooks.note",
    "pk": 2,
    "fields": {
        "created_on": "2018-06-21T15:06:33.583",
        "updated_on": "2018-08-08T11:44:01.894",
        "title": "<p>The War of Art</p>",
        "content": "<p>1. Your time is spent in the dark, the unknown, the place of infinite potential and disaster.</p><p>2. <b>There are no limits</b> to your successes and failures.</p><p>3. It can start with utility but it mustn't end there. The piece of work should inspire people. Just by using your software they should be inspired to be productive, be the best version of themselves, pay attention to details, maintain discipline, never settle and all that good stuff.</p>",
        "notebook": 3
    }
},
{
    "model": "notebooks.note",
    "pk": 3,
    "fields": {
        "created_on": "2018-07-09T05:58:36.656",
        "updated_on": "2018-08-08T11:44:01.894",
        "title": "<p>BOOH summary</p>",
        "content": "<h3>Book summary: Breaking Out Of Homeostasis</h3>\r\n<h5>\r\n    Chapter: 1\r\n</h5>\r\n<h5>3 things I've learned</h5>\r\n<ul>\r\n    <li>Your body and brain will lie to you</li>\r\n    <li>Two modes, create or consume</li>\r\n    <li>Must reach a pain threshold then go past it</li>\r\n</ul>\r\n<h3>Knowing is not enough, you must apply</h3>\r\n\r\n<h5>Top three things I will implement in my life</h5>\r\n\r\n<ol>\r\n    <li>I will run three times a week</li>\r\n    <li>Fast every day</li>\r\n    <li>Seek and Recognize the uncomfortable situations in life and use them to break out of homestasis</li>\r\n</ol>\r\n",
        "notebook": 3
    }
},
{
    "model": "notebooks.note",
    "pk": 4,
    "fields": {
        "created_on": "2018-07-23T08:01:51.544",
        "updated_on": "2018-08-08T11:44:01.894",
        "title": "New note title asdf",
        "content": "Take over the world - Plan C asdf",
        "notebook": 3
    }
},
{
    "model": "notebooks.note",
    "pk": 5,
    "fields": {
        "created_on": "2018-07-23T08:15:52.955",
        "updated_on": "2018-08-08T11:44:01.894",
        "title": "New note title for the win and a lot more text in the tilte",
        "content": "Take over the world - PlaA",
        "notebook": 3
    }
},
{
    "model": "notebooks.note",
    "pk": 6,
    "fields": {
        "created_on": "2018-07-23T08:19:19.759",
        "updated_on": "2018-08-08T11:44:01.894",
        "title": "New note title dddd",
        "content": "Take over the world - Plan Cddd",
        "notebook": 3
    }
},
{
    "model": "notebooks.note",
    "pk": 7,
    "fields": {
        "created_on": "2018-07-23T08:19:21.121",
        "updated_on": "2018-08-08T11:44:01.894",
        "title": "New note title its' fine",
        "content": "Take over the world - Plan C",
        "notebook": 3
    }
},
{
    "model": "notebooks.note",
    "pk": 8,
    "fields": {
        "created_on": "2018-07-23T08:54:53.590",
        "updated_on": "2018-08-08T11:44:01.894",
        "title": "Book summarie Super Duper special",
        "content": "<h3>Book summary: Breaking Out Of Dope&nbsp;</h3>\n<h5>\n    Chapter: 1\n</h5>\n<h5>3 things I've learned</h5>\n<ul>\n    <li>Your body and brain will lie to you</li>\n    <li>Two modes, create or consume</li>\n    <li>Must reach a pain threshold then go past it</li>\n</ul>\n<h3>Knowing is not enough, you must apply</h3>\n\n<h5>Top three things I will implement in my life</h5>\n\n<ol>\n    <li>I will run three times a week</li>\n    <li>Fast every day</li>\n    <li>Seek and Recognize the uncomfortable situations in life and use them to break out of homestasis</li>\n</ol>\n",
        "notebook": 3
    }
},
{
    "model": "notebooks.note",
    "pk": 9,
    "fields": {
        "created_on": "2018-07-23T08:57:35.128",
        "updated_on": "2018-08-08T11:44:01.894",
        "title": "New template <span style=\"background-color: rgb(255, 255, 0);\">Title so now what</span>",
        "content": "New template content ahh we lwe",
        "notebook": 3
    }
},
{
    "model": "notebooks.note",
    "pk": 15,
    "fields": {
        "created_on": "2018-07-24T19:44:03.504",
        "updated_on": "2018-08-08T11:44:01.894",
        "title": "New note aaa",
        "content": "<p>asdf</p>",
        "notebook": 6
    }
},
{
    "model": "notebooks.note",
    "pk": 16,
    "fields": {
        "created_on": "2018-07-24T19:44:12.347",
        "updated_on": "2018-08-08T11:44:01.894",
        "title": "Ne wnote asdf",
        "content": "Take over the world - dfdsfsdf",
        "notebook": 6
    }
},
{
    "model": "notebooks.note",
    "pk": 29,
    "fields": {
        "created_on": "2018-09-23T06:58:14.996",
        "updated_on": "2018-09-23T06:58:14.996",
        "title": "Note 1",
        "content": "<p>I don't like this</p>",
        "notebook": 16
    }
},
{
    "model": "notebooks.note",
    "pk": 31,
    "fields": {
        "created_on": "2018-10-02T05:32:42.519",
        "updated_on": "2018-10-04T08:51:35.224",
        "title": "Book Summary Title",
        "content": "<p><span style=\"font-size: 25px;\">\ufeff<span style=\"font-size: 40px;\">Chapters</span></span></p><p><br></p>\n<h5><span style=\"font-size: 25px;\">\n    Chapter 1\n</span></h5><h5><span style=\"font-size: 25px;\"><br></span></h5><span style=\"font-size: 25px;\">\n</span><h5><span style=\"font-size: 25px;\">&nbsp;&nbsp; What I've learned from Chapter 1</span></h5><h5><span style=\"font-size: 16px;\">\ufeff</span><span style=\"font-size: 25px;\"><br></span><br></h5><p><br></p><p><span style=\"font-size: 25px;\">&nbsp;&nbsp; What I will apply from Chapter 1</span></p><p><span style=\"font-size: 16px;\">\ufeff</span><span style=\"font-size: 25px;\"><br></span><br></p><p><br></p><p><span style=\"font-size: 25px;\">Chapter 2</span></p><p><span style=\"font-size: 25px;\"><br></span></p><p><span style=\"font-size: 25px;\">What I've learned from Chapter 2</span></p><p><span style=\"font-size: 16px;\">\ufeff</span><span style=\"font-size: 25px;\"><br></span><span style=\"font-family: -apple-system, BlinkMacSystemFont, Helvetica, Arial, sans-serif; font-size: 1rem;\">\ufeff</span></p><p><span style=\"font-size: 25px;\">What I will apply from Chapter 2</span></p><p><span style=\"font-size: 16px;\">&nbsp; \ufeff</span></p><p><span style=\"font-size: 40px;\"><br></span></p><p><span style=\"font-size: 40px;\">End of Book Summary</span></p><p><span style=\"font-size: 25px;\"><br></span></p><p><span style=\"font-size: 25px;\">Top 3 new ideas from the book:</span></p><p><span style=\"font-size: 25px;\">1&nbsp;</span><span style=\"font-size: 16px;\">\ufeff</span><span style=\"font-size: 25px;\">\ufeff</span><span style=\"font-size: 40px;\">\ufeff</span><span style=\"font-size: 40px;\">\ufeff</span><span style=\"font-size: 25px;\">\ufeff</span></p><p><span style=\"font-size: 25px;\">2&nbsp;</span><span style=\"font-size: 16px;\">\ufeff</span><span style=\"font-size: 25px;\">\ufeff</span></p><p><span style=\"font-size: 25px;\">3&nbsp;</span><span style=\"font-size: 16px;\">\ufeff</span><span style=\"font-size: 25px;\">\ufeff</span></p><p><span style=\"font-size: 25px;\"><br></span></p><p><span style=\"font-size: 25px;\"><br></span></p><p><span style=\"font-size: 25px;\">Top 3 things I will apply from the book:</span></p><p><span style=\"font-size: 25px;\">1&nbsp;</span><span style=\"font-size: 16px;\">\ufeff</span><span style=\"font-size: 25px;\">\ufeff</span><span style=\"font-size: 25px;\"><br></span></p><p><span style=\"font-size: 25px;\">2&nbsp;</span><span style=\"font-size: 25px;\">\ufeff</span></p><p><span style=\"font-size: 25px;\">3&nbsp;</span><span style=\"font-size: 25px;\">\ufeff</span></p><p><span style=\"font-size: 25px;\"><br></span></p><p><span style=\"font-size: 25px;\">Were there any contradictions in this book to my previous knowledge and understanding?</span></p><p><span style=\"font-size: 25px;\"><br></span></p><p><span style=\"font-size: 25px;\">What gaps in my knowledge did this book fill?</span></p><p><br></p><p><span style=\"font-size: 25px;\"><br></span><br></p><br>",
        "notebook": 19
    }
},
{
    "model": "notebooks.note",
    "pk": 32,
    "fields": {
        "created_on": "2018-10-04T16:14:46.080",
        "updated_on": "2018-10-04T16:14:46.080",
        "title": "Book Summary Title",
        "content": "<h3><p style=\"font-family: -apple-system, system-ui, Helvetica, Arial, sans-serif; font-size: 16px;\"><span style=\"font-size: 25px;\">\ufeff<span style=\"font-size: 40px;\">Chapters</span></span></p><p style=\"font-family: -apple-system, system-ui, Helvetica, Arial, sans-serif; font-size: 16px;\"><span style=\"font-size: 25px;\"><span style=\"font-size: 40px;\"><br></span></span><br></p></h3><h5 style=\"color: rgb(0, 0, 0);\"><span style=\"font-size: 25px;\">Chapter 1</span></h5><h5 style=\"color: rgb(0, 0, 0);\"><span style=\"font-size: 25px;\"><br></span></h5><h5 style=\"color: rgb(0, 0, 0);\"><span style=\"font-size: 25px;\">&nbsp;&nbsp; What I've learned from Ch 1</span><br></h5><h3><span style=\"font-family: -apple-system, system-ui, Helvetica, Arial, sans-serif;\"></span><p style=\"font-family: -apple-system, system-ui, Helvetica, Arial, sans-serif; font-size: 16px;\"><br></p><p style=\"font-family: -apple-system, system-ui, Helvetica, Arial, sans-serif; font-size: 16px;\"><span style=\"font-size: 25px;\">&nbsp;&nbsp; What I will apply from Ch 1</span><br></p><p style=\"font-family: -apple-system, system-ui, Helvetica, Arial, sans-serif; font-size: 16px;\"><br></p><p style=\"font-family: -apple-system, system-ui, Helvetica, Arial, sans-serif; font-size: 16px;\"><span style=\"font-size: 25px;\">Chapter 2</span></p><p style=\"font-family: -apple-system, system-ui, Helvetica, Arial, sans-serif; font-size: 16px;\"><span style=\"font-size: 25px;\"><br></span></p><p style=\"font-family: -apple-system, system-ui, Helvetica, Arial, sans-serif; font-size: 16px;\"><span style=\"font-size: 25px;\">&nbsp;&nbsp; What I've learned from Ch 2</span></p><p style=\"font-family: -apple-system, system-ui, Helvetica, Arial, sans-serif; font-size: 16px;\"><span style=\"font-size: 25px;\"><br></span></p><p style=\"font-family: -apple-system, system-ui, Helvetica, Arial, sans-serif; font-size: 16px;\"><span style=\"font-size: 25px;\">&nbsp;&nbsp; What I will apply from Ch 2</span></p><p style=\"font-family: -apple-system, system-ui, Helvetica, Arial, sans-serif; font-size: 16px;\"><span style=\"font-size: 25px;\"><br></span></p><p style=\"font-family: -apple-system, system-ui, Helvetica, Arial, sans-serif; font-size: 16px;\"><span style=\"font-size: 40px;\">End of Book Summary</span></p><p style=\"font-family: -apple-system, system-ui, Helvetica, Arial, sans-serif; font-size: 16px;\"><span style=\"font-size: 25px;\"><br></span></p><p style=\"font-family: -apple-system, system-ui, Helvetica, Arial, sans-serif; font-size: 16px;\"><span style=\"font-size: 25px;\">Top 3 new ideas from the book:</span></p><p style=\"font-family: -apple-system, system-ui, Helvetica, Arial, sans-serif; font-size: 16px;\"><span style=\"font-size: 25px;\">1</span></p><p style=\"font-family: -apple-system, system-ui, Helvetica, Arial, sans-serif; font-size: 16px;\"><span style=\"font-size: 25px;\">2</span></p><p style=\"font-family: -apple-system, system-ui, Helvetica, Arial, sans-serif; font-size: 16px;\"><span style=\"font-size: 25px;\">3</span></p><p style=\"font-family: -apple-system, system-ui, Helvetica, Arial, sans-serif; font-size: 16px;\"><span style=\"font-size: 25px;\"><br></span></p><p style=\"font-family: -apple-system, system-ui, Helvetica, Arial, sans-serif; font-size: 16px;\"><span style=\"font-size: 25px;\"><br></span></p><p style=\"font-family: -apple-system, system-ui, Helvetica, Arial, sans-serif; font-size: 16px;\"><span style=\"font-size: 25px;\">Top 3 things I will apply from the book:</span></p><p style=\"font-family: -apple-system, system-ui, Helvetica, Arial, sans-serif; font-size: 16px;\"><span style=\"font-size: 25px;\">1<br></span></p><p style=\"font-family: -apple-system, system-ui, Helvetica, Arial, sans-serif; font-size: 16px;\"><span style=\"font-size: 25px;\">2</span></p><p style=\"font-family: -apple-system, system-ui, Helvetica, Arial, sans-serif; font-size: 16px;\"><span style=\"font-size: 25px;\">3</span></p><p style=\"font-family: -apple-system, system-ui, Helvetica, Arial, sans-serif; font-size: 16px;\"><span style=\"font-size: 25px;\"><br></span></p><p style=\"font-family: -apple-system, system-ui, Helvetica, Arial, sans-serif; font-size: 16px;\"><span style=\"font-size: 25px;\">Were there any contradictions in this book to my previous knowledge and beliefs?<br></span></p><p style=\"font-family: -apple-system, system-ui, Helvetica, Arial, sans-serif; font-size: 16px;\"><span style=\"font-size: 25px;\"><br></span><br></p></h3><ol>\n</ol>\n",
        "notebook": 20
    }
},
{
    "model": "notebooks.note",
    "pk": 33,
    "fields": {
        "created_on": "2018-10-04T16:18:14.791",
        "updated_on": "2018-10-04T16:18:14.791",
        "title": "New note title",
        "content": "Take over the world - Plan C",
        "notebook": 21
    }
},
{
    "model": "notebooks.notetemplate",
    "pk": 1,
    "fields": {
        "title": "Book summary",
        "content": "<h3>Book summary: Breaking Out Of Homeostasis</h3>\n<h5>\n    Chapter: 1\n</h5>\n<h5>3 things I've learned</h5>\n<ul>\n    <li>Your body and brain will lie to you</li>\n    <li>Two modes, create or consume</li>\n    <li>Must reach a pain threshold then go past it</li>\n</ul>\n<h3>Knowing is not enough, you must apply</h3>\n\n<h5>Top three things I will implement in my life</h5>\n\n<ol>\n    <li>I will run three times a week</li>\n    <li>Fast every day</li>\n    <li>Seek and Recognize the uncomfortable situations in life and use them to break out of homestasis</li>\n</ol>\n",
        "user": 1
    }
},
{
    "model": "notebooks.notetemplate",
    "pk": 2,
    "fields": {
        "title": "Travel checklist",
        "content": "<h3>Travel checklist</h3>\n<h5>\n    Packing before going\n</h5>\n<ul>\n    <li>Passport</li>\n    <li>Wallet(Money in currency)</li>\n    <li>Toiletries</li>\n    <li>Clothes</li>\n    <li>Umbrella</li>\n</ul>\n<h5>\n    At the airport\n</h5>\n<ul>\n    <li>Plane ticket</li>\n    <li>Headphones</li>\n</ul>\n<h5>\n    Coming back\n</h5>\n<ul>\n    <li>Passport</li>\n    <li>Wallet</li>\n    <li>Presents</li>\n    <li>Toiletries</li>\n    <li>Clothes</li>\n    <li>Umbrella</li>\n</ul>\n\n\n",
        "user": 1
    }
},
{
    "model": "notebooks.notetemplate",
    "pk": 3,
    "fields": {
        "title": "Book summariez",
        "content": "<h3>Book summary: Breaking Out Of Homeostasis</h3>\n<h5>\n    Chapter: 1\n</h5>\n<h5>3 things I've learned</h5>\n<ul>\n    <li>Your body and brain will lie to you</li>\n    <li>Two modes, create or consume</li>\n    <li>Must reach a pain threshold then go past it</li>\n</ul>\n<h3>Knowing is not enough, you must apply</h3>\n\n<h5>Top three things I will implement in my life</h5>\n\n<ol>\n    <li>I will run three times a week</li>\n    <li>Fast every day</li>\n    <li>Seek and Recognize the uncomfortable situations in life and use them to break out of homestasis</li>\n</ol>\n",
        "user": 2
    }
},
{
    "model": "notebooks.notetemplate",
    "pk": 4,
    "fields": {
        "title": "Travel checklist",
        "content": "<h3>Travel checklist</h3>\n<h5>\n    Packing before going\n</h5>\n<ul>\n    <li>Passport</li>\n    <li>Wallet(Money in currency)</li>\n    <li>Toiletries</li>\n    <li>Clothes</li>\n    <li>Umbrella</li>\n</ul>\n<h5>\n    At the airport\n</h5>\n<ul>\n    <li>Plane ticket</li>\n    <li>Headphones</li>\n</ul>\n<h5>\n    Coming back\n</h5>\n<ul>\n    <li>Passport</li>\n    <li>Wallet</li>\n    <li>Presents</li>\n    <li>Toiletries</li>\n    <li>Clothes</li>\n    <li>Umbrella</li>\n</ul>\n\n\n",
        "user": 2
    }
},
{
    "model": "notebooks.notetemplate",
    "pk": 10,
    "fields": {
        "title": "Book summary",
        "content": "<h3>Book summary: Breaking Out Of Homeostasis</h3>\n<h5>\n    Chapter: 1\n</h5>\n<h5>3 things I've learned</h5>\n<ul>\n    <li>Your body and brain will lie to you</li>\n    <li>Two modes, create or consume</li>\n    <li>Must reach a pain threshold then go past it</li>\n</ul>\n<h3>Knowing is not enough, you must apply</h3>\n\n<h5>Top three things I will implement in my life</h5>\n\n<ol>\n    <li>I will run three times a week</li>\n    <li>Fast every day</li>\n    <li>Seek and Recognize the uncomfortable situations in life and use them to break out of homestasis</li>\n</ol>\n",
        "user": 3
    }
},
{
    "model": "notebooks.notetemplate",
    "pk": 11,
    "fields": {
        "title": "Travel checklist",
        "content": "<h3>Travel checklist</h3>\n<h5>\n    Packing before going\n</h5>\n<ul>\n    <li>Passport</li>\n    <li>Wallet(Money in currency)</li>\n    <li>Toiletries</li>\n    <li>Clothes</li>\n    <li>Umbrella</li>\n</ul>\n<h5>\n    At the airport\n</h5>\n<ul>\n    <li>Plane ticket</li>\n    <li>Headphones</li>\n</ul>\n<h5>\n    Coming back\n</h5>\n<ul>\n    <li>Passport</li>\n    <li>Wallet</li>\n    <li>Presents</li>\n    <li>Toiletries</li>\n    <li>Clothes</li>\n    <li>Umbrella</li>\n</ul>\n\n\n",
        "user": 3
    }
},
{
    "model": "notebooks.notetemplate",
    "pk": 14,
    "fields": {
        "title": "Book summary",
        "content": "<h3><p style=\"font-family: -apple-system, system-ui, Helvetica, Arial, sans-serif; font-size: 16px;\"><span style=\"font-size: 25px;\">\ufeff<span style=\"font-size: 40px;\">Chapters</span></span></p><p style=\"font-family: -apple-system, system-ui, Helvetica, Arial, sans-serif; font-size: 16px;\"><span style=\"font-size: 25px;\"><span style=\"font-size: 40px;\"><br></span></span><br></p></h3><h5 style=\"color: rgb(0, 0, 0);\"><span style=\"font-size: 25px;\">Chapter 1</span></h5><h5 style=\"color: rgb(0, 0, 0);\"><span style=\"font-size: 25px;\"><br></span></h5><h5 style=\"color: rgb(0, 0, 0);\"><span style=\"font-size: 25px;\">&nbsp;&nbsp; What I've learned from Ch 1</span><br></h5><h3><span style=\"font-family: -apple-system, system-ui, Helvetica, Arial, sans-serif;\"></span><p style=\"font-family: -apple-system, system-ui, Helvetica, Arial, sans-serif; font-size: 16px;\"><br></p><p style=\"font-family: -apple-system, system-ui, Helvetica, Arial, sans-serif; font-size: 16px;\"><span style=\"font-size: 25px;\">&nbsp;&nbsp; What I will apply from Ch 1</span><br></p><p style=\"font-family: -apple-system, system-ui, Helvetica, Arial, sans-serif; font-size: 16px;\"><br></p><p style=\"font-family: -apple-system, system-ui, Helvetica, Arial, sans-serif; font-size: 16px;\"><span style=\"font-size: 25px;\">Chapter 2</span></p><p style=\"font-family: -apple-system, system-ui, Helvetica, Arial, sans-serif; font-size: 16px;\"><span style=\"font-size: 25px;\"><br></span></p><p style=\"font-family: -apple-system, system-ui, Helvetica, Arial, sans-serif; font-size: 16px;\"><span style=\"font-size: 25px;\">&nbsp;&nbsp; What I've learned from Ch 2</span></p><p style=\"font-family: -apple-system, system-ui, Helvetica, Arial, sans-serif; font-size: 16px;\"><span style=\"font-size: 25px;\"><br></span></p><p style=\"font-family: -apple-system, system-ui, Helvetica, Arial, sans-serif; font-size: 16px;\"><span style=\"font-size: 25px;\">&nbsp;&nbsp; What I will apply from Ch 2</span></p><p style=\"font-family: -apple-system, system-ui, Helvetica, Arial, sans-serif; font-size: 16px;\"><span style=\"font-size: 25px;\"><br></span></p><p style=\"font-family: -apple-system, system-ui, Helvetica, Arial, sans-serif; font-size: 16px;\"><span style=\"font-size: 40px;\">End of Book Summary</span></p><p style=\"font-family: -apple-system, system-ui, Helvetica, Arial, sans-serif; font-size: 16px;\"><span style=\"font-size: 25px;\"><br></span></p><p style=\"font-family: -apple-system, system-ui, Helvetica, Arial, sans-serif; font-size: 16px;\"><span style=\"font-size: 25px;\">Top 3 new ideas from the book:</span></p><p style=\"font-family: -apple-system, system-ui, Helvetica, Arial, sans-serif; font-size: 16px;\"><span style=\"font-size: 25px;\">1</span></p><p style=\"font-family: -apple-system, system-ui, Helvetica, Arial, sans-serif; font-size: 16px;\"><span style=\"font-size: 25px;\">2</span></p><p style=\"font-family: -apple-system, system-ui, Helvetica, Arial, sans-serif; font-size: 16px;\"><span style=\"font-size: 25px;\">3</span></p><p style=\"font-family: -apple-system, system-ui, Helvetica, Arial, sans-serif; font-size: 16px;\"><span style=\"font-size: 25px;\"><br></span></p><p style=\"font-family: -apple-system, system-ui, Helvetica, Arial, sans-serif; font-size: 16px;\"><span style=\"font-size: 25px;\"><br></span></p><p style=\"font-family: -apple-system, system-ui, Helvetica, Arial, sans-serif; font-size: 16px;\"><span style=\"font-size: 25px;\">Top 3 things I will apply from the book:</span></p><p style=\"font-family: -apple-system, system-ui, Helvetica, Arial, sans-serif; font-size: 16px;\"><span style=\"font-size: 25px;\">1<br></span></p><p style=\"font-family: -apple-system, system-ui, Helvetica, Arial, sans-serif; font-size: 16px;\"><span style=\"font-size: 25px;\">2</span></p><p style=\"font-family: -apple-system, system-ui, Helvetica, Arial, sans-serif; font-size: 16px;\"><span style=\"font-size: 25px;\">3</span></p><p style=\"font-family: -apple-system, system-ui, Helvetica, Arial, sans-serif; font-size: 16px;\"><span style=\"font-size: 25px;\"><br></span></p><p style=\"font-family: -apple-system, system-ui, Helvetica, Arial, sans-serif; font-size: 16px;\"><span style=\"font-size: 25px;\">Were there any contradictions in this book to my previous knowledge and beliefs?<br></span></p><p style=\"font-family: -apple-system, system-ui, Helvetica, Arial, sans-serif; font-size: 16px;\"><span style=\"font-size: 25px;\"><br></span><br></p></h3><ol>\n</ol>\n",
        "user": 6
    }
},
{
    "model": "notebooks.notetemplate",
    "pk": 15,
    "fields": {
        "title": "Travel checklist",
        "content": "<h3><span style=\"font-size: 40px;\">Travel checklist</span></h3><h3><span style=\"font-size: 40px;\"><br></span></h3><span style=\"font-size: 40px;\">\n</span><h5>\n    </h5><h5><span style=\"font-size: 25px;\">Packing before going\n</span></h5><span style=\"font-size: 25px;\">\n</span><ul><span style=\"font-size: 25px;\">\n    </span><li>Passport</li>\n    <li>Wallet(Money in currency)</li>\n    <li>Toiletries</li>\n    <li>Clothes</li><li>Headphones</li>\n    <li>Umbrella</li>\n</ul>\n<h5>\n    <span style=\"font-size: 25px;\">At the airport\n</span></h5><span style=\"font-size: 25px;\">\n</span><ul><span style=\"font-size: 25px;\">\n    </span><li>Plane ticket</li><li>Passport</li>\n</ul>\n<h5>\n    <span style=\"font-size: 25px;\">Coming back\n</span></h5><span style=\"font-size: 25px;\">\n</span><ul><span style=\"font-size: 25px;\">\n    </span><li>Passport</li>\n    <li>Wallet</li>\n    <li>Presents</li>\n    <li>Toiletries</li>\n    <li>Clothes</li><li>Headphones</li>\n    <li>Umbrella</li>\n</ul>\n\n\n",
        "user": 6
    }
},
{
    "model": "notebooks.notetemplate",
    "pk": 16,
    "fields": {
        "title": "Book summary",
        "content": "<h3>Book summary: Breaking Out Of Homeostasis</h3>\n<h5>\n    Chapter: 1\n</h5>\n<h5>3 things I've learned</h5>\n<ul>\n    <li>Your body and brain will lie to you</li>\n    <li>Two modes, create or consume</li>\n    <li>Must reach a pain threshold then go past it</li>\n</ul>\n<h3>Knowing is not enough, you must apply</h3>\n\n<h5>Top three things I will implement in my life</h5>\n\n<ol>\n    <li>I will run three times a week</li>\n    <li>Fast every day</li>\n    <li>Seek and Recognize the uncomfortable situations in life and use them to break out of homestasis</li>\n</ol>\n",
        "user": 7
    }
},
{
    "model": "notebooks.notetemplate",
    "pk": 17,
    "fields": {
        "title": "Travel checklist",
        "content": "<h3>Travel checklist</h3>\n<h5>\n    Packing before going\n</h5>\n<ul>\n    <li>Passport</li>\n    <li>Wallet(Money in currency)</li>\n    <li>Toiletries</li>\n    <li>Clothes</li>\n    <li>Umbrella</li>\n</ul>\n<h5>\n    At the airport\n</h5>\n<ul>\n    <li>Plane ticket</li>\n    <li>Headphones</li>\n</ul>\n<h5>\n    Coming back\n</h5>\n<ul>\n    <li>Passport</li>\n    <li>Wallet</li>\n    <li>Presents</li>\n    <li>Toiletries</li>\n    <li>Clothes</li>\n    <li>Umbrella</li>\n</ul>\n\n\n",
        "user": 7
    }
},
{
    "model": "notebooks.notetemplate",
    "pk": 31,
    "fields": {
        "title": "Best Practices",
        "content": "<p>The Best Practices template consists of the following sections:</p><ul><li>Basic 80/20 activities - the 20% most important activities that will give you 80% of the results</li><li>Specialist activities - these are activities to get special results, one step further from the basics above.</li><li>Common mistakes - list of common mistakes everybody tends to make. List them so you remember them. Keep this list updated when you discover new ones.</li></ul><p><br></p><hr><p><span style=\"font-size: 25px;\">Example: Fitness Best Practices</span></p><p><span style=\"font-size: 25px;\"><br></span></p><p><span style=\"font-size: 40px;\">Basic 80/20 activities:</span></p><p><span style=\"font-size: 40px;\"><br></span></p><p><span style=\"font-size: 25px;\">Nutrition</span></p><ul><li><span style=\"font-size: 16px;\">Eliminate or minimize sugar</span></li><li><span style=\"font-size: 16px;\">Eliminate or minimize white flour</span></li><li><span style=\"font-size: 16px;\">Eat at least one salad per day</span></li><li><span style=\"font-size: 16px;\">Minimize eating any food with long shelf life</span></li></ul><p><span style=\"font-size: 25px;\">Fitness</span></p><ul><li><span style=\"font-size: 16px;\">Move more, go on walks every day</span></li><li><span style=\"font-size: 16px;\">Gym: focus on compound movements</span></li><li><span style=\"font-size: 16px;\">Gym: Progressive overload, this means track your weights and make sure you are progressing over time</span></li></ul><p><br></p><p><span style=\"font-size: 40px; font-family: -apple-system, BlinkMacSystemFont, Helvetica, Arial, sans-serif;\">Specialist activities</span></p><p><span style=\"font-family: -apple-system, BlinkMacSystemFont, Helvetica, Arial, sans-serif; font-size: 25px;\"><br></span></p><p><span style=\"font-family: -apple-system, BlinkMacSystemFont, Helvetica, Arial, sans-serif; font-size: 25px;\">Goal: Getting bellow 12% body fat, visible abs.</span></p><p><span style=\"font-size: 25px; font-family: -apple-system, BlinkMacSystemFont, Helvetica, Arial, sans-serif;\">Nutrition:</span></p><ul><li><span style=\"font-size: 16px; font-family: -apple-system, BlinkMacSystemFont, Helvetica, Arial, sans-serif;\">Start to count calories</span></li><li><span style=\"font-size: 16px; font-family: -apple-system, BlinkMacSystemFont, Helvetica, Arial, sans-serif;\">Maintain 300-500 calorie deficit every day</span></li><li><span style=\"font-size: 16px; font-family: -apple-system, BlinkMacSystemFont, Helvetica, Arial, sans-serif;\">Eat more protein</span></li></ul><p><span style=\"font-size: 25px; font-family: -apple-system, BlinkMacSystemFont, Helvetica, Arial, sans-serif;\">Fitness:</span></p><ul><li>Do cardio 3 times per week</li><li>Gym: perform less sets and repetitions but with heavier weight (this helps preserve muscle)</li></ul><p><br></p><p><span style=\"font-size: 40px;\">Common mistakes</span></p><p><span style=\"font-size: 40px;\"><br></span></p><ul><li><span style=\"font-size: 16px;\">\ufeffToo much snacking between meals</span></li><li>Drinking beverages with hidden sugars</li><li>Eating foods with \"0% fat\" or \"0% sugar\"</li><li>Eating \"healthy\" deserts that still have too many calories</li><li><span style=\"font-size: 16px;\">Not training hard enough, see&nbsp;</span>https://leangains.com/fuckarounditis/</li><li><span style=\"font-size: 16px;\">Not tracking progress with weights</span></li><li><span style=\"font-size: 16px;\">Doing too much accessory work while neglecting the compound movements</span></li><li><span style=\"font-size: 16px;\"><br></span></li></ul><p><br></p>",
        "user": 6
    }
},
{
    "model": "notebooks.notetemplate",
    "pk": 32,
    "fields": {
        "title": "Travel checklist",
        "content": "<h3><span style=\"font-size: 40px;\">Travel checklist</span></h3><h3><span style=\"font-size: 40px;\"><br></span></h3><span style=\"font-size: 40px;\">\n</span><h5>\n    </h5><h5><span style=\"font-size: 25px;\">Packing before going\n</span></h5><span style=\"font-size: 25px;\">\n</span><ul><span style=\"font-size: 25px;\">\n    </span><li>Passport</li>\n    <li>Wallet(Money in currency)</li>\n    <li>Toiletries</li>\n    <li>Clothes</li><li>Headphones</li>\n    <li>Umbrella</li>\n</ul>\n<h5>\n    <span style=\"font-size: 25px;\">At the airport\n</span></h5><span style=\"font-size: 25px;\">\n</span><ul><span style=\"font-size: 25px;\">\n    </span><li>Plane ticket</li><li>Passport</li>\n</ul>\n<h5>\n    <span style=\"font-size: 25px;\">Coming back\n</span></h5><span style=\"font-size: 25px;\">\n</span><ul><span style=\"font-size: 25px;\">\n    </span><li>Passport</li>\n    <li>Wallet</li>\n    <li>Presents</li>\n    <li>Toiletries</li>\n    <li>Clothes</li><li>Headphones</li>\n    <li>Umbrella</li>\n</ul>\n\n\n",
        "user": 22
    }
},
{
    "model": "notebooks.notetemplate",
    "pk": 33,
    "fields": {
        "title": "Book Summary",
        "content": "<h3><p style=\"font-family: -apple-system, system-ui, Helvetica, Arial, sans-serif; font-size: 16px;\"><span style=\"font-size: 25px;\">\ufeff<span style=\"font-size: 40px;\">Chapters</span></span></p><p style=\"font-family: -apple-system, system-ui, Helvetica, Arial, sans-serif; font-size: 16px;\"><span style=\"font-size: 25px;\"><span style=\"font-size: 40px;\"><br></span></span><br></p></h3><h5 style=\"color: rgb(0, 0, 0);\"><span style=\"font-size: 25px;\">Chapter 1</span></h5><h5 style=\"color: rgb(0, 0, 0);\"><span style=\"font-size: 25px;\"><br></span></h5><h5 style=\"color: rgb(0, 0, 0);\"><span style=\"font-size: 25px;\">&nbsp;&nbsp; What I've learned from Ch 1</span><br></h5><h3><span style=\"font-family: -apple-system, system-ui, Helvetica, Arial, sans-serif;\"></span><p style=\"font-family: -apple-system, system-ui, Helvetica, Arial, sans-serif; font-size: 16px;\"><br></p><p style=\"font-family: -apple-system, system-ui, Helvetica, Arial, sans-serif; font-size: 16px;\"><span style=\"font-size: 25px;\">&nbsp;&nbsp; What I will apply from Ch 1</span><br></p><p style=\"font-family: -apple-system, system-ui, Helvetica, Arial, sans-serif; font-size: 16px;\"><br></p><p style=\"font-family: -apple-system, system-ui, Helvetica, Arial, sans-serif; font-size: 16px;\"><span style=\"font-size: 25px;\">Chapter 2</span></p><p style=\"font-family: -apple-system, system-ui, Helvetica, Arial, sans-serif; font-size: 16px;\"><span style=\"font-size: 25px;\"><br></span></p><p style=\"font-family: -apple-system, system-ui, Helvetica, Arial, sans-serif; font-size: 16px;\"><span style=\"font-size: 25px;\">&nbsp;&nbsp; What I've learned from Ch 2</span></p><p style=\"font-family: -apple-system, system-ui, Helvetica, Arial, sans-serif; font-size: 16px;\"><span style=\"font-size: 25px;\"><br></span></p><p style=\"font-family: -apple-system, system-ui, Helvetica, Arial, sans-serif; font-size: 16px;\"><span style=\"font-size: 25px;\">&nbsp;&nbsp; What I will apply from Ch 2</span></p><p style=\"font-family: -apple-system, system-ui, Helvetica, Arial, sans-serif; font-size: 16px;\"><span style=\"font-size: 25px;\"><br></span></p><p style=\"font-family: -apple-system, system-ui, Helvetica, Arial, sans-serif; font-size: 16px;\"><span style=\"font-size: 40px;\">End of Book Summary</span></p><p style=\"font-family: -apple-system, system-ui, Helvetica, Arial, sans-serif; font-size: 16px;\"><span style=\"font-size: 25px;\"><br></span></p><p style=\"font-family: -apple-system, system-ui, Helvetica, Arial, sans-serif; font-size: 16px;\"><span style=\"font-size: 25px;\">Top 3 new ideas from the book:</span></p><p style=\"font-family: -apple-system, system-ui, Helvetica, Arial, sans-serif; font-size: 16px;\"><span style=\"font-size: 25px;\">1</span></p><p style=\"font-family: -apple-system, system-ui, Helvetica, Arial, sans-serif; font-size: 16px;\"><span style=\"font-size: 25px;\">2</span></p><p style=\"font-family: -apple-system, system-ui, Helvetica, Arial, sans-serif; font-size: 16px;\"><span style=\"font-size: 25px;\">3</span></p><p style=\"font-family: -apple-system, system-ui, Helvetica, Arial, sans-serif; font-size: 16px;\"><span style=\"font-size: 25px;\"><br></span></p><p style=\"font-family: -apple-system, system-ui, Helvetica, Arial, sans-serif; font-size: 16px;\"><span style=\"font-size: 25px;\"><br></span></p><p style=\"font-family: -apple-system, system-ui, Helvetica, Arial, sans-serif; font-size: 16px;\"><span style=\"font-size: 25px;\">Top 3 things I will apply from the book:</span></p><p style=\"font-family: -apple-system, system-ui, Helvetica, Arial, sans-serif; font-size: 16px;\"><span style=\"font-size: 25px;\">1<br></span></p><p style=\"font-family: -apple-system, system-ui, Helvetica, Arial, sans-serif; font-size: 16px;\"><span style=\"font-size: 25px;\">2</span></p><p style=\"font-family: -apple-system, system-ui, Helvetica, Arial, sans-serif; font-size: 16px;\"><span style=\"font-size: 25px;\">3</span></p><p style=\"font-family: -apple-system, system-ui, Helvetica, Arial, sans-serif; font-size: 16px;\"><span style=\"font-size: 25px;\"><br></span></p><p style=\"font-family: -apple-system, system-ui, Helvetica, Arial, sans-serif; font-size: 16px;\"><span style=\"font-size: 25px;\">Were there any contradictions in this book to my previous knowledge and beliefs?<br></span></p><p style=\"font-family: -apple-system, system-ui, Helvetica, Arial, sans-serif; font-size: 16px;\"><span style=\"font-size: 25px;\"><br></span><br></p></h3><ol>\n</ol>\n",
        "user": 22
    }
},
{
    "model": "notebooks.notetemplate",
    "pk": 34,
    "fields": {
        "title": "Best practices",
        "content": "<p>The Best Practices template consists of the following sections:</p><ul><li>Basic 80/20 activities - the 20% most important activities that will give you 80% of the results</li><li>Specialist activities - these are activities to get special results, one step further from the basics above.</li><li>Common mistakes - list of common mistakes everybody tends to make. List them so you remember them. Keep this list updated when you discover new ones.</li></ul><p><br></p><hr><p><span style=\"font-size: 25px;\">Example: Fitness Best Practices</span></p><p><span style=\"font-size: 25px;\"><br></span></p><p><span style=\"font-size: 40px;\">Basic 80/20 activities:</span></p><p><span style=\"font-size: 40px;\"><br></span></p><p><span style=\"font-size: 25px;\">Nutrition</span></p><ul><li><span style=\"font-size: 16px;\">Eliminate or minimize sugar</span></li><li><span style=\"font-size: 16px;\">Eliminate or minimize white flour</span></li><li><span style=\"font-size: 16px;\">Eat at least one salad per day</span></li><li><span style=\"font-size: 16px;\">Minimize eating any food with long shelf life</span></li></ul><p><span style=\"font-size: 25px;\">Fitness</span></p><ul><li><span style=\"font-size: 16px;\">Move more, go on walks every day</span></li><li><span style=\"font-size: 16px;\">Gym: focus on compound movements</span></li><li><span style=\"font-size: 16px;\">Gym: Progressive overload, this means track your weights and make sure you are progressing over time</span></li></ul><p><br></p><p><span style=\"font-size: 40px; font-family: -apple-system, BlinkMacSystemFont, Helvetica, Arial, sans-serif;\">Specialist activities</span></p><p><span style=\"font-family: -apple-system, BlinkMacSystemFont, Helvetica, Arial, sans-serif; font-size: 25px;\"><br></span></p><p><span style=\"font-family: -apple-system, BlinkMacSystemFont, Helvetica, Arial, sans-serif; font-size: 25px;\">Goal: Getting bellow 12% body fat, visible abs.</span></p><p><span style=\"font-size: 25px; font-family: -apple-system, BlinkMacSystemFont, Helvetica, Arial, sans-serif;\">Nutrition:</span></p><ul><li><span style=\"font-size: 16px; font-family: -apple-system, BlinkMacSystemFont, Helvetica, Arial, sans-serif;\">Start to count calories</span></li><li><span style=\"font-size: 16px; font-family: -apple-system, BlinkMacSystemFont, Helvetica, Arial, sans-serif;\">Maintain 300-500 calorie deficit every day</span></li><li><span style=\"font-size: 16px; font-family: -apple-system, BlinkMacSystemFont, Helvetica, Arial, sans-serif;\">Eat more protein</span></li></ul><p><span style=\"font-size: 25px; font-family: -apple-system, BlinkMacSystemFont, Helvetica, Arial, sans-serif;\">Fitness:</span></p><ul><li>Do cardio 3 times per week</li><li>Gym: perform less sets and repetitions but with heavier weight (this helps preserve muscle)</li></ul><p><br></p><p><span style=\"font-size: 40px;\">Common mistakes</span></p><p><span style=\"font-size: 40px;\"><br></span></p><ul><li><span style=\"font-size: 16px;\">\ufeffToo much snacking between meals</span></li><li>Drinking beverages with hidden sugars</li><li>Eating foods with \"0% fat\" or \"0% sugar\"</li><li>Eating \"healthy\" deserts that still have too many calories</li><li><span style=\"font-size: 16px;\">Not training hard enough, see&nbsp;</span>https://leangains.com/fuckarounditis/</li><li><span style=\"font-size: 16px;\">Not tracking progress with weights</span></li><li><span style=\"font-size: 16px;\">Doing too much accessory work while neglecting the compound movements</span></li><li><span style=\"font-size: 16px;\"><br></span></li></ul><p><br></p>",
        "user": 22
    }
},
{
    "model": "notebooks.notetemplate",
    "pk": 35,
    "fields": {
        "title": "loplo",
        "content": "New template content",
        "user": 22
    }
},
{
    "model": "notebooks.defaultnotetemplate",
    "pk": 1,
    "fields": {
        "title": "Travel checklist",
        "slug": "checklist",
        "content": "<h3><span style=\"font-size: 40px;\">Travel checklist</span></h3><h3><span style=\"font-size: 40px;\"><br></span></h3><span style=\"font-size: 40px;\">\n</span><h5>\n    </h5><h5><span style=\"font-size: 25px;\">Packing before going\n</span></h5><span style=\"font-size: 25px;\">\n</span><ul><span style=\"font-size: 25px;\">\n    </span><li>Passport</li>\n    <li>Wallet(Money in currency)</li>\n    <li>Toiletries</li>\n    <li>Clothes</li><li>Headphones</li>\n    <li>Umbrella</li>\n</ul>\n<h5>\n    <span style=\"font-size: 25px;\">At the airport\n</span></h5><span style=\"font-size: 25px;\">\n</span><ul><span style=\"font-size: 25px;\">\n    </span><li>Plane ticket</li><li>Passport</li>\n</ul>\n<h5>\n    <span style=\"font-size: 25px;\">Coming back\n</span></h5><span style=\"font-size: 25px;\">\n</span><ul><span style=\"font-size: 25px;\">\n    </span><li>Passport</li>\n    <li>Wallet</li>\n    <li>Presents</li>\n    <li>Toiletries</li>\n    <li>Clothes</li><li>Headphones</li>\n    <li>Umbrella</li>\n</ul>\n\n\n"
    }
},
{
    "model": "notebooks.defaultnotetemplate",
    "pk": 2,
    "fields": {
        "title": "Book Summary",
        "slug": "book-summary",
        "content": "<h3><p style=\"font-family: -apple-system, system-ui, Helvetica, Arial, sans-serif; font-size: 16px;\"><span style=\"font-size: 25px;\">\ufeff<span style=\"font-size: 40px;\">Chapters</span></span></p><p style=\"font-family: -apple-system, system-ui, Helvetica, Arial, sans-serif; font-size: 16px;\"><span style=\"font-size: 25px;\"><span style=\"font-size: 40px;\"><br></span></span><br></p></h3><h5 style=\"color: rgb(0, 0, 0);\"><span style=\"font-size: 25px;\">Chapter 1</span></h5><h5 style=\"color: rgb(0, 0, 0);\"><span style=\"font-size: 25px;\"><br></span></h5><h5 style=\"color: rgb(0, 0, 0);\"><span style=\"font-size: 25px;\">&nbsp;&nbsp; What I've learned from Ch 1</span><br></h5><h3><span style=\"font-family: -apple-system, system-ui, Helvetica, Arial, sans-serif;\"></span><p style=\"font-family: -apple-system, system-ui, Helvetica, Arial, sans-serif; font-size: 16px;\"><br></p><p style=\"font-family: -apple-system, system-ui, Helvetica, Arial, sans-serif; font-size: 16px;\"><span style=\"font-size: 25px;\">&nbsp;&nbsp; What I will apply from Ch 1</span><br></p><p style=\"font-family: -apple-system, system-ui, Helvetica, Arial, sans-serif; font-size: 16px;\"><br></p><p style=\"font-family: -apple-system, system-ui, Helvetica, Arial, sans-serif; font-size: 16px;\"><span style=\"font-size: 25px;\">Chapter 2</span></p><p style=\"font-family: -apple-system, system-ui, Helvetica, Arial, sans-serif; font-size: 16px;\"><span style=\"font-size: 25px;\"><br></span></p><p style=\"font-family: -apple-system, system-ui, Helvetica, Arial, sans-serif; font-size: 16px;\"><span style=\"font-size: 25px;\">&nbsp;&nbsp; What I've learned from Ch 2</span></p><p style=\"font-family: -apple-system, system-ui, Helvetica, Arial, sans-serif; font-size: 16px;\"><span style=\"font-size: 25px;\"><br></span></p><p style=\"font-family: -apple-system, system-ui, Helvetica, Arial, sans-serif; font-size: 16px;\"><span style=\"font-size: 25px;\">&nbsp;&nbsp; What I will apply from Ch 2</span></p><p style=\"font-family: -apple-system, system-ui, Helvetica, Arial, sans-serif; font-size: 16px;\"><span style=\"font-size: 25px;\"><br></span></p><p style=\"font-family: -apple-system, system-ui, Helvetica, Arial, sans-serif; font-size: 16px;\"><span style=\"font-size: 40px;\">End of Book Summary</span></p><p style=\"font-family: -apple-system, system-ui, Helvetica, Arial, sans-serif; font-size: 16px;\"><span style=\"font-size: 25px;\"><br></span></p><p style=\"font-family: -apple-system, system-ui, Helvetica, Arial, sans-serif; font-size: 16px;\"><span style=\"font-size: 25px;\">Top 3 new ideas from the book:</span></p><p style=\"font-family: -apple-system, system-ui, Helvetica, Arial, sans-serif; font-size: 16px;\"><span style=\"font-size: 25px;\">1</span></p><p style=\"font-family: -apple-system, system-ui, Helvetica, Arial, sans-serif; font-size: 16px;\"><span style=\"font-size: 25px;\">2</span></p><p style=\"font-family: -apple-system, system-ui, Helvetica, Arial, sans-serif; font-size: 16px;\"><span style=\"font-size: 25px;\">3</span></p><p style=\"font-family: -apple-system, system-ui, Helvetica, Arial, sans-serif; font-size: 16px;\"><span style=\"font-size: 25px;\"><br></span></p><p style=\"font-family: -apple-system, system-ui, Helvetica, Arial, sans-serif; font-size: 16px;\"><span style=\"font-size: 25px;\"><br></span></p><p style=\"font-family: -apple-system, system-ui, Helvetica, Arial, sans-serif; font-size: 16px;\"><span style=\"font-size: 25px;\">Top 3 things I will apply from the book:</span></p><p style=\"font-family: -apple-system, system-ui, Helvetica, Arial, sans-serif; font-size: 16px;\"><span style=\"font-size: 25px;\">1<br></span></p><p style=\"font-family: -apple-system, system-ui, Helvetica, Arial, sans-serif; font-size: 16px;\"><span style=\"font-size: 25px;\">2</span></p><p style=\"font-family: -apple-system, system-ui, Helvetica, Arial, sans-serif; font-size: 16px;\"><span style=\"font-size: 25px;\">3</span></p><p style=\"font-family: -apple-system, system-ui, Helvetica, Arial, sans-serif; font-size: 16px;\"><span style=\"font-size: 25px;\"><br></span></p><p style=\"font-family: -apple-system, system-ui, Helvetica, Arial, sans-serif; font-size: 16px;\"><span style=\"font-size: 25px;\">Were there any contradictions in this book to my previous knowledge and beliefs?<br></span></p><p style=\"font-family: -apple-system, system-ui, Helvetica, Arial, sans-serif; font-size: 16px;\"><span style=\"font-size: 25px;\"><br></span><br></p></h3><ol>\n</ol>\n"
    }
},
{
    "model": "notebooks.defaultnotetemplate",
    "pk": 3,
    "fields": {
        "title": "Best practices",
        "slug": "best-practices",
        "content": "<p>The Best Practices template consists of the following sections:</p><ul><li>Basic 80/20 activities - the 20% most important activities that will give you 80% of the results</li><li>Specialist activities - these are activities to get special results, one step further from the basics above.</li><li>Common mistakes - list of common mistakes everybody tends to make. List them so you remember them. Keep this list updated when you discover new ones.</li></ul><p><br></p><hr><p><span style=\"font-size: 25px;\">Example: Fitness Best Practices</span></p><p><span style=\"font-size: 25px;\"><br></span></p><p><span style=\"font-size: 40px;\">Basic 80/20 activities:</span></p><p><span style=\"font-size: 40px;\"><br></span></p><p><span style=\"font-size: 25px;\">Nutrition</span></p><ul><li><span style=\"font-size: 16px;\">Eliminate or minimize sugar</span></li><li><span style=\"font-size: 16px;\">Eliminate or minimize white flour</span></li><li><span style=\"font-size: 16px;\">Eat at least one salad per day</span></li><li><span style=\"font-size: 16px;\">Minimize eating any food with long shelf life</span></li></ul><p><span style=\"font-size: 25px;\">Fitness</span></p><ul><li><span style=\"font-size: 16px;\">Move more, go on walks every day</span></li><li><span style=\"font-size: 16px;\">Gym: focus on compound movements</span></li><li><span style=\"font-size: 16px;\">Gym: Progressive overload, this means track your weights and make sure you are progressing over time</span></li></ul><p><br></p><p><span style=\"font-size: 40px; font-family: -apple-system, BlinkMacSystemFont, Helvetica, Arial, sans-serif;\">Specialist activities</span></p><p><span style=\"font-family: -apple-system, BlinkMacSystemFont, Helvetica, Arial, sans-serif; font-size: 25px;\"><br></span></p><p><span style=\"font-family: -apple-system, BlinkMacSystemFont, Helvetica, Arial, sans-serif; font-size: 25px;\">Goal: Getting bellow 12% body fat, visible abs.</span></p><p><span style=\"font-size: 25px; font-family: -apple-system, BlinkMacSystemFont, Helvetica, Arial, sans-serif;\">Nutrition:</span></p><ul><li><span style=\"font-size: 16px; font-family: -apple-system, BlinkMacSystemFont, Helvetica, Arial, sans-serif;\">Start to count calories</span></li><li><span style=\"font-size: 16px; font-family: -apple-system, BlinkMacSystemFont, Helvetica, Arial, sans-serif;\">Maintain 300-500 calorie deficit every day</span></li><li><span style=\"font-size: 16px; font-family: -apple-system, BlinkMacSystemFont, Helvetica, Arial, sans-serif;\">Eat more protein</span></li></ul><p><span style=\"font-size: 25px; font-family: -apple-system, BlinkMacSystemFont, Helvetica, Arial, sans-serif;\">Fitness:</span></p><ul><li>Do cardio 3 times per week</li><li>Gym: perform less sets and repetitions but with heavier weight (this helps preserve muscle)</li></ul><p><br></p><p><span style=\"font-size: 40px;\">Common mistakes</span></p><p><span style=\"font-size: 40px;\"><br></span></p><ul><li><span style=\"font-size: 16px;\">\ufeffToo much snacking between meals</span></li><li>Drinking beverages with hidden sugars</li><li>Eating foods with \"0% fat\" or \"0% sugar\"</li><li>Eating \"healthy\" deserts that still have too many calories</li><li><span style=\"font-size: 16px;\">Not training hard enough, see&nbsp;</span>https://leangains.com/fuckarounditis/</li><li><span style=\"font-size: 16px;\">Not tracking progress with weights</span></li><li><span style=\"font-size: 16px;\">Doing too much accessory work while neglecting the compound movements</span></li><li><span style=\"font-size: 16px;\"><br></span></li></ul><p><br></p>"
    }
},
{
    "model": "habitss.habit",
    "pk": 13,
    "fields": {
        "name": "Be Awesome",
        "status": "INACTIVE",
        "user": 16,
        "habit_parent": null
    }
},
{
    "model": "habitss.habit",
    "pk": 14,
    "fields": {
        "name": "Write 30 mins",
        "status": "ACTIVE",
        "user": 16,
        "habit_parent": null
    }
},
{
    "model": "habitss.habit",
    "pk": 15,
    "fields": {
        "name": "read 30 mins",
        "status": "ACTIVE",
        "user": 16,
        "habit_parent": null
    }
},
{
    "model": "habitss.habit",
    "pk": 16,
    "fields": {
        "name": "Social media promote 1h",
        "status": "INACTIVE",
        "user": 16,
        "habit_parent": null
    }
},
{
    "model": "habitss.habit",
    "pk": 17,
    "fields": {
        "name": "Code LifeHQ 1h",
        "status": "INACTIVE",
        "user": 16,
        "habit_parent": null
    }
},
{
    "model": "habitss.habit",
    "pk": 18,
    "fields": {
        "name": "Code BA 1h",
        "status": "INACTIVE",
        "user": 16,
        "habit_parent": null
    }
},
{
    "model": "habitss.habit",
    "pk": 20,
    "fields": {
        "name": "Be Awesome",
        "status": "ACTIVE",
        "user": 18,
        "habit_parent": null
    }
},
{
    "model": "habitss.habit",
    "pk": 21,
    "fields": {
        "name": "Be Awesome",
        "status": "ACTIVE",
        "user": 19,
        "habit_parent": null
    }
},
{
    "model": "habitss.habit",
    "pk": 22,
    "fields": {
        "name": "Be Awesome",
        "status": "ACTIVE",
        "user": 20,
        "habit_parent": null
    }
},
{
    "model": "habitss.habit",
    "pk": 25,
    "fields": {
        "name": "Be Awesome",
        "status": "ACTIVE",
        "user": 22,
        "habit_parent": null
    }
},
{
    "model": "habitss.habit",
    "pk": 26,
    "fields": {
        "name": "write",
        "status": "ACTIVE",
        "user": 22,
        "habit_parent": null
    }
},
{
    "model": "habitss.habit",
    "pk": 27,
    "fields": {
        "name": "Track 4H on LifeHQ",
        "status": "ACTIVE",
        "user": 16,
        "habit_parent": null
    }
},
{
    "model": "habitss.habit",
    "pk": 28,
    "fields": {
        "name": "Track 4H on BA",
        "status": "ACTIVE",
        "user": 16,
        "habit_parent": null
    }
},
{
    "model": "habitss.habit",
    "pk": 29,
    "fields": {
        "name": "Social media promote 12pm",
        "status": "ACTIVE",
        "user": 16,
        "habit_parent": null
    }
},
{
    "model": "habitss.habit",
    "pk": 30,
    "fields": {
        "name": "Social media promote 18h",
        "status": "ACTIVE",
        "user": 16,
        "habit_parent": null
    }
},
{
    "model": "habitss.habitaction",
    "pk": 176,
    "fields": {
        "action_date": "2018-09-17",
        "status": "1",
        "habit": 13
    }
},
{
    "model": "habitss.habitaction",
    "pk": 177,
    "fields": {
        "action_date": "2018-09-18",
        "status": "1",
        "habit": 13
    }
},
{
    "model": "habitss.habitaction",
    "pk": 178,
    "fields": {
        "action_date": "2018-09-19",
        "status": "1",
        "habit": 13
    }
},
{
    "model": "habitss.habitaction",
    "pk": 179,
    "fields": {
        "action_date": "2018-09-20",
        "status": "1",
        "habit": 13
    }
},
{
    "model": "habitss.habitaction",
    "pk": 180,
    "fields": {
        "action_date": "2018-09-21",
        "status": "1",
        "habit": 13
    }
},
{
    "model": "habitss.habitaction",
    "pk": 181,
    "fields": {
        "action_date": "2018-09-22",
        "status": "1",
        "habit": 13
    }
},
{
    "model": "habitss.habitaction",
    "pk": 182,
    "fields": {
        "action_date": "2018-09-23",
        "status": "1",
        "habit": 13
    }
},
{
    "model": "habitss.habitaction",
    "pk": 183,
    "fields": {
        "action_date": "2018-09-17",
        "status": "1",
        "habit": 14
    }
},
{
    "model": "habitss.habitaction",
    "pk": 184,
    "fields": {
        "action_date": "2018-09-18",
        "status": "1",
        "habit": 14
    }
},
{
    "model": "habitss.habitaction",
    "pk": 185,
    "fields": {
        "action_date": "2018-09-19",
        "status": "1",
        "habit": 14
    }
},
{
    "model": "habitss.habitaction",
    "pk": 186,
    "fields": {
        "action_date": "2018-09-20",
        "status": "1",
        "habit": 14
    }
},
{
    "model": "habitss.habitaction",
    "pk": 187,
    "fields": {
        "action_date": "2018-09-21",
        "status": "1",
        "habit": 14
    }
},
{
    "model": "habitss.habitaction",
    "pk": 188,
    "fields": {
        "action_date": "2018-09-22",
        "status": "3",
        "habit": 14
    }
},
{
    "model": "habitss.habitaction",
    "pk": 189,
    "fields": {
        "action_date": "2018-09-23",
        "status": "1",
        "habit": 14
    }
},
{
    "model": "habitss.habitaction",
    "pk": 190,
    "fields": {
        "action_date": "2018-09-17",
        "status": "1",
        "habit": 15
    }
},
{
    "model": "habitss.habitaction",
    "pk": 191,
    "fields": {
        "action_date": "2018-09-18",
        "status": "1",
        "habit": 15
    }
},
{
    "model": "habitss.habitaction",
    "pk": 192,
    "fields": {
        "action_date": "2018-09-19",
        "status": "1",
        "habit": 15
    }
},
{
    "model": "habitss.habitaction",
    "pk": 193,
    "fields": {
        "action_date": "2018-09-20",
        "status": "1",
        "habit": 15
    }
},
{
    "model": "habitss.habitaction",
    "pk": 194,
    "fields": {
        "action_date": "2018-09-21",
        "status": "1",
        "habit": 15
    }
},
{
    "model": "habitss.habitaction",
    "pk": 195,
    "fields": {
        "action_date": "2018-09-22",
        "status": "3",
        "habit": 15
    }
},
{
    "model": "habitss.habitaction",
    "pk": 196,
    "fields": {
        "action_date": "2018-09-23",
        "status": "3",
        "habit": 15
    }
},
{
    "model": "habitss.habitaction",
    "pk": 197,
    "fields": {
        "action_date": "2018-09-17",
        "status": "1",
        "habit": 16
    }
},
{
    "model": "habitss.habitaction",
    "pk": 198,
    "fields": {
        "action_date": "2018-09-18",
        "status": "1",
        "habit": 16
    }
},
{
    "model": "habitss.habitaction",
    "pk": 199,
    "fields": {
        "action_date": "2018-09-19",
        "status": "1",
        "habit": 16
    }
},
{
    "model": "habitss.habitaction",
    "pk": 200,
    "fields": {
        "action_date": "2018-09-20",
        "status": "1",
        "habit": 16
    }
},
{
    "model": "habitss.habitaction",
    "pk": 201,
    "fields": {
        "action_date": "2018-09-21",
        "status": "1",
        "habit": 16
    }
},
{
    "model": "habitss.habitaction",
    "pk": 202,
    "fields": {
        "action_date": "2018-09-22",
        "status": "3",
        "habit": 16
    }
},
{
    "model": "habitss.habitaction",
    "pk": 203,
    "fields": {
        "action_date": "2018-09-23",
        "status": "2",
        "habit": 16
    }
},
{
    "model": "habitss.habitaction",
    "pk": 204,
    "fields": {
        "action_date": "2018-09-24",
        "status": "1",
        "habit": 13
    }
},
{
    "model": "habitss.habitaction",
    "pk": 205,
    "fields": {
        "action_date": "2018-09-25",
        "status": "1",
        "habit": 13
    }
},
{
    "model": "habitss.habitaction",
    "pk": 206,
    "fields": {
        "action_date": "2018-09-26",
        "status": "0",
        "habit": 13
    }
},
{
    "model": "habitss.habitaction",
    "pk": 207,
    "fields": {
        "action_date": "2018-09-27",
        "status": "0",
        "habit": 13
    }
},
{
    "model": "habitss.habitaction",
    "pk": 208,
    "fields": {
        "action_date": "2018-09-28",
        "status": "0",
        "habit": 13
    }
},
{
    "model": "habitss.habitaction",
    "pk": 209,
    "fields": {
        "action_date": "2018-09-29",
        "status": "0",
        "habit": 13
    }
},
{
    "model": "habitss.habitaction",
    "pk": 210,
    "fields": {
        "action_date": "2018-09-30",
        "status": "0",
        "habit": 13
    }
},
{
    "model": "habitss.habitaction",
    "pk": 211,
    "fields": {
        "action_date": "2018-09-24",
        "status": "1",
        "habit": 14
    }
},
{
    "model": "habitss.habitaction",
    "pk": 212,
    "fields": {
        "action_date": "2018-09-25",
        "status": "1",
        "habit": 14
    }
},
{
    "model": "habitss.habitaction",
    "pk": 213,
    "fields": {
        "action_date": "2018-09-26",
        "status": "0",
        "habit": 14
    }
},
{
    "model": "habitss.habitaction",
    "pk": 214,
    "fields": {
        "action_date": "2018-09-27",
        "status": "0",
        "habit": 14
    }
},
{
    "model": "habitss.habitaction",
    "pk": 215,
    "fields": {
        "action_date": "2018-09-28",
        "status": "1",
        "habit": 14
    }
},
{
    "model": "habitss.habitaction",
    "pk": 216,
    "fields": {
        "action_date": "2018-09-29",
        "status": "0",
        "habit": 14
    }
},
{
    "model": "habitss.habitaction",
    "pk": 217,
    "fields": {
        "action_date": "2018-09-30",
        "status": "0",
        "habit": 14
    }
},
{
    "model": "habitss.habitaction",
    "pk": 218,
    "fields": {
        "action_date": "2018-09-24",
        "status": "3",
        "habit": 15
    }
},
{
    "model": "habitss.habitaction",
    "pk": 219,
    "fields": {
        "action_date": "2018-09-25",
        "status": "1",
        "habit": 15
    }
},
{
    "model": "habitss.habitaction",
    "pk": 220,
    "fields": {
        "action_date": "2018-09-26",
        "status": "0",
        "habit": 15
    }
},
{
    "model": "habitss.habitaction",
    "pk": 221,
    "fields": {
        "action_date": "2018-09-27",
        "status": "0",
        "habit": 15
    }
},
{
    "model": "habitss.habitaction",
    "pk": 222,
    "fields": {
        "action_date": "2018-09-28",
        "status": "0",
        "habit": 15
    }
},
{
    "model": "habitss.habitaction",
    "pk": 223,
    "fields": {
        "action_date": "2018-09-29",
        "status": "0",
        "habit": 15
    }
},
{
    "model": "habitss.habitaction",
    "pk": 224,
    "fields": {
        "action_date": "2018-09-30",
        "status": "0",
        "habit": 15
    }
},
{
    "model": "habitss.habitaction",
    "pk": 225,
    "fields": {
        "action_date": "2018-09-24",
        "status": "3",
        "habit": 16
    }
},
{
    "model": "habitss.habitaction",
    "pk": 226,
    "fields": {
        "action_date": "2018-09-25",
        "status": "1",
        "habit": 16
    }
},
{
    "model": "habitss.habitaction",
    "pk": 227,
    "fields": {
        "action_date": "2018-09-26",
        "status": "0",
        "habit": 16
    }
},
{
    "model": "habitss.habitaction",
    "pk": 228,
    "fields": {
        "action_date": "2018-09-27",
        "status": "0",
        "habit": 16
    }
},
{
    "model": "habitss.habitaction",
    "pk": 229,
    "fields": {
        "action_date": "2018-09-28",
        "status": "0",
        "habit": 16
    }
},
{
    "model": "habitss.habitaction",
    "pk": 230,
    "fields": {
        "action_date": "2018-09-29",
        "status": "0",
        "habit": 16
    }
},
{
    "model": "habitss.habitaction",
    "pk": 231,
    "fields": {
        "action_date": "2018-09-30",
        "status": "0",
        "habit": 16
    }
},
{
    "model": "habitss.habitaction",
    "pk": 232,
    "fields": {
        "action_date": "2018-09-24",
        "status": "0",
        "habit": 17
    }
},
{
    "model": "habitss.habitaction",
    "pk": 233,
    "fields": {
        "action_date": "2018-09-25",
        "status": "0",
        "habit": 17
    }
},
{
    "model": "habitss.habitaction",
    "pk": 234,
    "fields": {
        "action_date": "2018-09-26",
        "status": "0",
        "habit": 17
    }
},
{
    "model": "habitss.habitaction",
    "pk": 235,
    "fields": {
        "action_date": "2018-09-27",
        "status": "0",
        "habit": 17
    }
},
{
    "model": "habitss.habitaction",
    "pk": 236,
    "fields": {
        "action_date": "2018-09-28",
        "status": "0",
        "habit": 17
    }
},
{
    "model": "habitss.habitaction",
    "pk": 237,
    "fields": {
        "action_date": "2018-09-29",
        "status": "0",
        "habit": 17
    }
},
{
    "model": "habitss.habitaction",
    "pk": 238,
    "fields": {
        "action_date": "2018-09-30",
        "status": "0",
        "habit": 17
    }
},
{
    "model": "habitss.habitaction",
    "pk": 239,
    "fields": {
        "action_date": "2018-09-24",
        "status": "0",
        "habit": 18
    }
},
{
    "model": "habitss.habitaction",
    "pk": 240,
    "fields": {
        "action_date": "2018-09-25",
        "status": "0",
        "habit": 18
    }
},
{
    "model": "habitss.habitaction",
    "pk": 241,
    "fields": {
        "action_date": "2018-09-26",
        "status": "0",
        "habit": 18
    }
},
{
    "model": "habitss.habitaction",
    "pk": 242,
    "fields": {
        "action_date": "2018-09-27",
        "status": "0",
        "habit": 18
    }
},
{
    "model": "habitss.habitaction",
    "pk": 243,
    "fields": {
        "action_date": "2018-09-28",
        "status": "1",
        "habit": 18
    }
},
{
    "model": "habitss.habitaction",
    "pk": 244,
    "fields": {
        "action_date": "2018-09-29",
        "status": "0",
        "habit": 18
    }
},
{
    "model": "habitss.habitaction",
    "pk": 245,
    "fields": {
        "action_date": "2018-09-30",
        "status": "0",
        "habit": 18
    }
},
{
    "model": "habitss.habitaction",
    "pk": 253,
    "fields": {
        "action_date": "2018-09-24",
        "status": "1",
        "habit": 20
    }
},
{
    "model": "habitss.habitaction",
    "pk": 254,
    "fields": {
        "action_date": "2018-09-25",
        "status": "1",
        "habit": 20
    }
},
{
    "model": "habitss.habitaction",
    "pk": 255,
    "fields": {
        "action_date": "2018-09-26",
        "status": "1",
        "habit": 20
    }
},
{
    "model": "habitss.habitaction",
    "pk": 256,
    "fields": {
        "action_date": "2018-09-27",
        "status": "1",
        "habit": 20
    }
},
{
    "model": "habitss.habitaction",
    "pk": 257,
    "fields": {
        "action_date": "2018-09-28",
        "status": "1",
        "habit": 20
    }
},
{
    "model": "habitss.habitaction",
    "pk": 258,
    "fields": {
        "action_date": "2018-09-29",
        "status": "0",
        "habit": 20
    }
},
{
    "model": "habitss.habitaction",
    "pk": 259,
    "fields": {
        "action_date": "2018-09-30",
        "status": "0",
        "habit": 20
    }
},
{
    "model": "habitss.habitaction",
    "pk": 260,
    "fields": {
        "action_date": "2018-09-24",
        "status": "1",
        "habit": 21
    }
},
{
    "model": "habitss.habitaction",
    "pk": 261,
    "fields": {
        "action_date": "2018-09-25",
        "status": "1",
        "habit": 21
    }
},
{
    "model": "habitss.habitaction",
    "pk": 262,
    "fields": {
        "action_date": "2018-09-26",
        "status": "2",
        "habit": 21
    }
},
{
    "model": "habitss.habitaction",
    "pk": 263,
    "fields": {
        "action_date": "2018-09-27",
        "status": "3",
        "habit": 21
    }
},
{
    "model": "habitss.habitaction",
    "pk": 264,
    "fields": {
        "action_date": "2018-09-28",
        "status": "1",
        "habit": 21
    }
},
{
    "model": "habitss.habitaction",
    "pk": 265,
    "fields": {
        "action_date": "2018-09-29",
        "status": "2",
        "habit": 21
    }
},
{
    "model": "habitss.habitaction",
    "pk": 266,
    "fields": {
        "action_date": "2018-09-30",
        "status": "0",
        "habit": 21
    }
},
{
    "model": "habitss.habitaction",
    "pk": 267,
    "fields": {
        "action_date": "2018-09-24",
        "status": "1",
        "habit": 22
    }
},
{
    "model": "habitss.habitaction",
    "pk": 268,
    "fields": {
        "action_date": "2018-09-25",
        "status": "1",
        "habit": 22
    }
},
{
    "model": "habitss.habitaction",
    "pk": 269,
    "fields": {
        "action_date": "2018-09-26",
        "status": "1",
        "habit": 22
    }
},
{
    "model": "habitss.habitaction",
    "pk": 270,
    "fields": {
        "action_date": "2018-09-27",
        "status": "1",
        "habit": 22
    }
},
{
    "model": "habitss.habitaction",
    "pk": 271,
    "fields": {
        "action_date": "2018-09-28",
        "status": "1",
        "habit": 22
    }
},
{
    "model": "habitss.habitaction",
    "pk": 272,
    "fields": {
        "action_date": "2018-09-29",
        "status": "0",
        "habit": 22
    }
},
{
    "model": "habitss.habitaction",
    "pk": 273,
    "fields": {
        "action_date": "2018-09-30",
        "status": "0",
        "habit": 22
    }
},
{
    "model": "habitss.habitaction",
    "pk": 302,
    "fields": {
        "action_date": "2018-10-01",
        "status": "1",
        "habit": 14
    }
},
{
    "model": "habitss.habitaction",
    "pk": 303,
    "fields": {
        "action_date": "2018-10-02",
        "status": "1",
        "habit": 14
    }
},
{
    "model": "habitss.habitaction",
    "pk": 304,
    "fields": {
        "action_date": "2018-10-03",
        "status": "1",
        "habit": 14
    }
},
{
    "model": "habitss.habitaction",
    "pk": 305,
    "fields": {
        "action_date": "2018-10-04",
        "status": "2",
        "habit": 14
    }
},
{
    "model": "habitss.habitaction",
    "pk": 306,
    "fields": {
        "action_date": "2018-10-05",
        "status": "1",
        "habit": 14
    }
},
{
    "model": "habitss.habitaction",
    "pk": 307,
    "fields": {
        "action_date": "2018-10-06",
        "status": "3",
        "habit": 14
    }
},
{
    "model": "habitss.habitaction",
    "pk": 308,
    "fields": {
        "action_date": "2018-10-07",
        "status": "2",
        "habit": 14
    }
},
{
    "model": "habitss.habitaction",
    "pk": 309,
    "fields": {
        "action_date": "2018-10-01",
        "status": "1",
        "habit": 15
    }
},
{
    "model": "habitss.habitaction",
    "pk": 310,
    "fields": {
        "action_date": "2018-10-02",
        "status": "2",
        "habit": 15
    }
},
{
    "model": "habitss.habitaction",
    "pk": 311,
    "fields": {
        "action_date": "2018-10-03",
        "status": "1",
        "habit": 15
    }
},
{
    "model": "habitss.habitaction",
    "pk": 312,
    "fields": {
        "action_date": "2018-10-04",
        "status": "1",
        "habit": 15
    }
},
{
    "model": "habitss.habitaction",
    "pk": 313,
    "fields": {
        "action_date": "2018-10-05",
        "status": "3",
        "habit": 15
    }
},
{
    "model": "habitss.habitaction",
    "pk": 314,
    "fields": {
        "action_date": "2018-10-06",
        "status": "1",
        "habit": 15
    }
},
{
    "model": "habitss.habitaction",
    "pk": 315,
    "fields": {
        "action_date": "2018-10-07",
        "status": "3",
        "habit": 15
    }
},
{
    "model": "habitss.habitaction",
    "pk": 316,
    "fields": {
        "action_date": "2018-10-01",
        "status": "1",
        "habit": 16
    }
},
{
    "model": "habitss.habitaction",
    "pk": 317,
    "fields": {
        "action_date": "2018-10-02",
        "status": "1",
        "habit": 16
    }
},
{
    "model": "habitss.habitaction",
    "pk": 318,
    "fields": {
        "action_date": "2018-10-03",
        "status": "0",
        "habit": 16
    }
},
{
    "model": "habitss.habitaction",
    "pk": 319,
    "fields": {
        "action_date": "2018-10-04",
        "status": "0",
        "habit": 16
    }
},
{
    "model": "habitss.habitaction",
    "pk": 320,
    "fields": {
        "action_date": "2018-10-05",
        "status": "0",
        "habit": 16
    }
},
{
    "model": "habitss.habitaction",
    "pk": 321,
    "fields": {
        "action_date": "2018-10-06",
        "status": "0",
        "habit": 16
    }
},
{
    "model": "habitss.habitaction",
    "pk": 322,
    "fields": {
        "action_date": "2018-10-07",
        "status": "0",
        "habit": 16
    }
},
{
    "model": "habitss.habitaction",
    "pk": 323,
    "fields": {
        "action_date": "2018-10-01",
        "status": "2",
        "habit": 17
    }
},
{
    "model": "habitss.habitaction",
    "pk": 324,
    "fields": {
        "action_date": "2018-10-02",
        "status": "1",
        "habit": 17
    }
},
{
    "model": "habitss.habitaction",
    "pk": 325,
    "fields": {
        "action_date": "2018-10-03",
        "status": "0",
        "habit": 17
    }
},
{
    "model": "habitss.habitaction",
    "pk": 326,
    "fields": {
        "action_date": "2018-10-04",
        "status": "0",
        "habit": 17
    }
},
{
    "model": "habitss.habitaction",
    "pk": 327,
    "fields": {
        "action_date": "2018-10-05",
        "status": "0",
        "habit": 17
    }
},
{
    "model": "habitss.habitaction",
    "pk": 328,
    "fields": {
        "action_date": "2018-10-06",
        "status": "0",
        "habit": 17
    }
},
{
    "model": "habitss.habitaction",
    "pk": 329,
    "fields": {
        "action_date": "2018-10-07",
        "status": "0",
        "habit": 17
    }
},
{
    "model": "habitss.habitaction",
    "pk": 330,
    "fields": {
        "action_date": "2018-10-01",
        "status": "1",
        "habit": 18
    }
},
{
    "model": "habitss.habitaction",
    "pk": 331,
    "fields": {
        "action_date": "2018-10-02",
        "status": "1",
        "habit": 18
    }
},
{
    "model": "habitss.habitaction",
    "pk": 332,
    "fields": {
        "action_date": "2018-10-03",
        "status": "0",
        "habit": 18
    }
},
{
    "model": "habitss.habitaction",
    "pk": 333,
    "fields": {
        "action_date": "2018-10-04",
        "status": "0",
        "habit": 18
    }
},
{
    "model": "habitss.habitaction",
    "pk": 334,
    "fields": {
        "action_date": "2018-10-05",
        "status": "0",
        "habit": 18
    }
},
{
    "model": "habitss.habitaction",
    "pk": 335,
    "fields": {
        "action_date": "2018-10-06",
        "status": "0",
        "habit": 18
    }
},
{
    "model": "habitss.habitaction",
    "pk": 336,
    "fields": {
        "action_date": "2018-10-07",
        "status": "0",
        "habit": 18
    }
},
{
    "model": "habitss.habitaction",
    "pk": 337,
    "fields": {
        "action_date": "2018-10-01",
        "status": "1",
        "habit": 25
    }
},
{
    "model": "habitss.habitaction",
    "pk": 338,
    "fields": {
        "action_date": "2018-10-02",
        "status": "1",
        "habit": 25
    }
},
{
    "model": "habitss.habitaction",
    "pk": 339,
    "fields": {
        "action_date": "2018-10-03",
        "status": "1",
        "habit": 25
    }
},
{
    "model": "habitss.habitaction",
    "pk": 340,
    "fields": {
        "action_date": "2018-10-04",
        "status": "2",
        "habit": 25
    }
},
{
    "model": "habitss.habitaction",
    "pk": 341,
    "fields": {
        "action_date": "2018-10-05",
        "status": "0",
        "habit": 25
    }
},
{
    "model": "habitss.habitaction",
    "pk": 342,
    "fields": {
        "action_date": "2018-10-06",
        "status": "0",
        "habit": 25
    }
},
{
    "model": "habitss.habitaction",
    "pk": 343,
    "fields": {
        "action_date": "2018-10-07",
        "status": "0",
        "habit": 25
    }
},
{
    "model": "habitss.habitaction",
    "pk": 344,
    "fields": {
        "action_date": "2018-10-01",
        "status": "1",
        "habit": 26
    }
},
{
    "model": "habitss.habitaction",
    "pk": 345,
    "fields": {
        "action_date": "2018-10-02",
        "status": "2",
        "habit": 26
    }
},
{
    "model": "habitss.habitaction",
    "pk": 346,
    "fields": {
        "action_date": "2018-10-03",
        "status": "3",
        "habit": 26
    }
},
{
    "model": "habitss.habitaction",
    "pk": 347,
    "fields": {
        "action_date": "2018-10-04",
        "status": "0",
        "habit": 26
    }
},
{
    "model": "habitss.habitaction",
    "pk": 348,
    "fields": {
        "action_date": "2018-10-05",
        "status": "0",
        "habit": 26
    }
},
{
    "model": "habitss.habitaction",
    "pk": 349,
    "fields": {
        "action_date": "2018-10-06",
        "status": "0",
        "habit": 26
    }
},
{
    "model": "habitss.habitaction",
    "pk": 350,
    "fields": {
        "action_date": "2018-10-07",
        "status": "0",
        "habit": 26
    }
},
{
    "model": "habitss.habitaction",
    "pk": 351,
    "fields": {
        "action_date": "2018-10-01",
        "status": "0",
        "habit": 27
    }
},
{
    "model": "habitss.habitaction",
    "pk": 352,
    "fields": {
        "action_date": "2018-10-02",
        "status": "0",
        "habit": 27
    }
},
{
    "model": "habitss.habitaction",
    "pk": 353,
    "fields": {
        "action_date": "2018-10-03",
        "status": "0",
        "habit": 27
    }
},
{
    "model": "habitss.habitaction",
    "pk": 354,
    "fields": {
        "action_date": "2018-10-04",
        "status": "0",
        "habit": 27
    }
},
{
    "model": "habitss.habitaction",
    "pk": 355,
    "fields": {
        "action_date": "2018-10-05",
        "status": "0",
        "habit": 27
    }
},
{
    "model": "habitss.habitaction",
    "pk": 356,
    "fields": {
        "action_date": "2018-10-06",
        "status": "0",
        "habit": 27
    }
},
{
    "model": "habitss.habitaction",
    "pk": 357,
    "fields": {
        "action_date": "2018-10-07",
        "status": "0",
        "habit": 27
    }
},
{
    "model": "habitss.habitaction",
    "pk": 358,
    "fields": {
        "action_date": "2018-10-01",
        "status": "0",
        "habit": 28
    }
},
{
    "model": "habitss.habitaction",
    "pk": 359,
    "fields": {
        "action_date": "2018-10-02",
        "status": "0",
        "habit": 28
    }
},
{
    "model": "habitss.habitaction",
    "pk": 360,
    "fields": {
        "action_date": "2018-10-03",
        "status": "0",
        "habit": 28
    }
},
{
    "model": "habitss.habitaction",
    "pk": 361,
    "fields": {
        "action_date": "2018-10-04",
        "status": "0",
        "habit": 28
    }
},
{
    "model": "habitss.habitaction",
    "pk": 362,
    "fields": {
        "action_date": "2018-10-05",
        "status": "0",
        "habit": 28
    }
},
{
    "model": "habitss.habitaction",
    "pk": 363,
    "fields": {
        "action_date": "2018-10-06",
        "status": "0",
        "habit": 28
    }
},
{
    "model": "habitss.habitaction",
    "pk": 364,
    "fields": {
        "action_date": "2018-10-07",
        "status": "0",
        "habit": 28
    }
},
{
    "model": "habitss.habitaction",
    "pk": 365,
    "fields": {
        "action_date": "2018-10-01",
        "status": "0",
        "habit": 29
    }
},
{
    "model": "habitss.habitaction",
    "pk": 366,
    "fields": {
        "action_date": "2018-10-02",
        "status": "0",
        "habit": 29
    }
},
{
    "model": "habitss.habitaction",
    "pk": 367,
    "fields": {
        "action_date": "2018-10-03",
        "status": "0",
        "habit": 29
    }
},
{
    "model": "habitss.habitaction",
    "pk": 368,
    "fields": {
        "action_date": "2018-10-04",
        "status": "0",
        "habit": 29
    }
},
{
    "model": "habitss.habitaction",
    "pk": 369,
    "fields": {
        "action_date": "2018-10-05",
        "status": "0",
        "habit": 29
    }
},
{
    "model": "habitss.habitaction",
    "pk": 370,
    "fields": {
        "action_date": "2018-10-06",
        "status": "0",
        "habit": 29
    }
},
{
    "model": "habitss.habitaction",
    "pk": 371,
    "fields": {
        "action_date": "2018-10-07",
        "status": "0",
        "habit": 29
    }
},
{
    "model": "habitss.habitaction",
    "pk": 372,
    "fields": {
        "action_date": "2018-10-01",
        "status": "0",
        "habit": 30
    }
},
{
    "model": "habitss.habitaction",
    "pk": 373,
    "fields": {
        "action_date": "2018-10-02",
        "status": "0",
        "habit": 30
    }
},
{
    "model": "habitss.habitaction",
    "pk": 374,
    "fields": {
        "action_date": "2018-10-03",
        "status": "0",
        "habit": 30
    }
},
{
    "model": "habitss.habitaction",
    "pk": 375,
    "fields": {
        "action_date": "2018-10-04",
        "status": "0",
        "habit": 30
    }
},
{
    "model": "habitss.habitaction",
    "pk": 376,
    "fields": {
        "action_date": "2018-10-05",
        "status": "0",
        "habit": 30
    }
},
{
    "model": "habitss.habitaction",
    "pk": 377,
    "fields": {
        "action_date": "2018-10-06",
        "status": "0",
        "habit": 30
    }
},
{
    "model": "habitss.habitaction",
    "pk": 378,
    "fields": {
        "action_date": "2018-10-07",
        "status": "0",
        "habit": 30
    }
},
{
    "model": "admin.logentry",
    "pk": 1,
    "fields": {
        "action_time": "2018-07-14T08:01:20.244",
        "user": [
            "darko"
        ],
        "content_type": [
            "account",
            "account"
        ],
        "object_id": "3",
        "object_repr": "kolevdarko",
        "action_flag": 3,
        "change_message": ""
    }
},
{
    "model": "admin.logentry",
    "pk": 2,
    "fields": {
        "action_time": "2018-07-14T08:25:58.244",
        "user": [
            "darko"
        ],
        "content_type": [
            "account",
            "emailaddress"
        ],
        "object_id": "3",
        "object_repr": "kolevdarko@gmail.com (kolevdarko)",
        "action_flag": 3,
        "change_message": ""
    }
},
{
    "model": "admin.logentry",
    "pk": 3,
    "fields": {
        "action_time": "2018-07-28T14:43:40.898",
        "user": [
            "darko"
        ],
        "content_type": [
            "account",
            "account"
        ],
        "object_id": "6",
        "object_repr": "kolevdarko.work",
        "action_flag": 3,
        "change_message": ""
    }
},
{
    "model": "admin.logentry",
    "pk": 4,
    "fields": {
        "action_time": "2018-07-28T14:46:46.610",
        "user": [
            "darko"
        ],
        "content_type": [
            "auth",
            "user"
        ],
        "object_id": "5",
        "object_repr": "kolevdarko.work",
        "action_flag": 3,
        "change_message": ""
    }
},
{
    "model": "admin.logentry",
    "pk": 5,
    "fields": {
        "action_time": "2018-07-28T14:48:21.029",
        "user": [
            "darko"
        ],
        "content_type": [
            "auth",
            "user"
        ],
        "object_id": "6",
        "object_repr": "kolevdarko.work",
        "action_flag": 3,
        "change_message": ""
    }
},
{
    "model": "admin.logentry",
    "pk": 6,
    "fields": {
        "action_time": "2018-07-28T14:53:55.462",
        "user": [
            "darko"
        ],
        "content_type": [
            "auth",
            "user"
        ],
        "object_id": "7",
        "object_repr": "kolevdarko.work",
        "action_flag": 3,
        "change_message": ""
    }
},
{
    "model": "admin.logentry",
    "pk": 7,
    "fields": {
        "action_time": "2018-07-28T14:58:56.545",
        "user": [
            "darko"
        ],
        "content_type": [
            "auth",
            "user"
        ],
        "object_id": "8",
        "object_repr": "kolevdarko.work",
        "action_flag": 3,
        "change_message": ""
    }
},
{
    "model": "admin.logentry",
    "pk": 8,
    "fields": {
        "action_time": "2018-09-12T09:45:52.101",
        "user": [
            "darko"
        ],
        "content_type": [
            "sites",
            "site"
        ],
        "object_id": "1",
        "object_repr": "lifehqapp.com",
        "action_flag": 2,
        "change_message": "[{\"changed\": {\"fields\": [\"domain\", \"name\"]}}]"
    }
},
{
    "model": "admin.logentry",
    "pk": 9,
    "fields": {
        "action_time": "2018-09-12T09:46:26.957",
        "user": [
            "darko"
        ],
        "content_type": [
            "auth",
            "user"
        ],
        "object_id": "12",
        "object_repr": "sai@test.com",
        "action_flag": 3,
        "change_message": ""
    }
},
{
    "model": "admin.logentry",
    "pk": 10,
    "fields": {
        "action_time": "2018-09-12T09:49:05.996",
        "user": [
            "darko"
        ],
        "content_type": [
            "auth",
            "user"
        ],
        "object_id": "13",
        "object_repr": "darko@test2.com",
        "action_flag": 3,
        "change_message": ""
    }
},
{
    "model": "admin.logentry",
    "pk": 11,
    "fields": {
        "action_time": "2018-09-12T09:49:06.026",
        "user": [
            "darko"
        ],
        "content_type": [
            "auth",
            "user"
        ],
        "object_id": "9",
        "object_repr": "kolevdarko.work",
        "action_flag": 3,
        "change_message": ""
    }
},
{
    "model": "admin.logentry",
    "pk": 12,
    "fields": {
        "action_time": "2018-09-15T08:45:13.796",
        "user": [
            "darko"
        ],
        "content_type": [
            "auth",
            "user"
        ],
        "object_id": "14",
        "object_repr": "kolevdarko.work",
        "action_flag": 3,
        "change_message": ""
    }
},
{
    "model": "admin.logentry",
    "pk": 13,
    "fields": {
        "action_time": "2018-09-15T08:45:14.296",
        "user": [
            "darko"
        ],
        "content_type": [
            "auth",
            "user"
        ],
        "object_id": "14",
        "object_repr": "kolevdarko.work",
        "action_flag": 3,
        "change_message": ""
    }
},
{
    "model": "admin.logentry",
    "pk": 14,
    "fields": {
        "action_time": "2018-09-18T15:36:39.462",
        "user": [
            "darko"
        ],
        "content_type": [
            "base",
            "project"
        ],
        "object_id": "9",
        "object_repr": "Project object (9)",
        "action_flag": 3,
        "change_message": ""
    }
},
{
    "model": "admin.logentry",
    "pk": 15,
    "fields": {
        "action_time": "2018-09-18T15:36:39.562",
        "user": [
            "darko"
        ],
        "content_type": [
            "base",
            "project"
        ],
        "object_id": "8",
        "object_repr": "Project object (8)",
        "action_flag": 3,
        "change_message": ""
    }
},
{
    "model": "admin.logentry",
    "pk": 16,
    "fields": {
        "action_time": "2018-09-18T16:34:47.364",
        "user": [
            "darko"
        ],
        "content_type": [
            "notebooks",
            "defaultnotetemplate"
        ],
        "object_id": "1",
        "object_repr": "DefaultNoteTemplate object (1)",
        "action_flag": 1,
        "change_message": "[{\"added\": {}}]"
    }
},
{
    "model": "admin.logentry",
    "pk": 17,
    "fields": {
        "action_time": "2018-09-18T16:35:16.053",
        "user": [
            "darko"
        ],
        "content_type": [
            "notebooks",
            "defaultnotetemplate"
        ],
        "object_id": "2",
        "object_repr": "DefaultNoteTemplate object (2)",
        "action_flag": 1,
        "change_message": "[{\"added\": {}}]"
    }
},
{
    "model": "admin.logentry",
    "pk": 18,
    "fields": {
        "action_time": "2018-09-18T16:59:47.320",
        "user": [
            "darko"
        ],
        "content_type": [
            "notebooks",
            "defaultnotetemplate"
        ],
        "object_id": "3",
        "object_repr": "DefaultNoteTemplate object (3)",
        "action_flag": 1,
        "change_message": "[{\"added\": {}}]"
    }
},
{
    "model": "admin.logentry",
    "pk": 19,
    "fields": {
        "action_time": "2018-09-18T19:50:23.269",
        "user": [
            "darko"
        ],
        "content_type": [
            "base",
            "project"
        ],
        "object_id": "10",
        "object_repr": "Project object (10)",
        "action_flag": 3,
        "change_message": ""
    }
},
{
    "model": "admin.logentry",
    "pk": 20,
    "fields": {
        "action_time": "2018-09-19T07:09:19.457",
        "user": [
            "darko"
        ],
        "content_type": [
            "auth",
            "user"
        ],
        "object_id": "15",
        "object_repr": "kolevdarko.work",
        "action_flag": 3,
        "change_message": ""
    }
},
{
    "model": "admin.logentry",
    "pk": 21,
    "fields": {
        "action_time": "2018-09-19T07:13:26.385",
        "user": [
            "darko"
        ],
        "content_type": [
            "auth",
            "user"
        ],
        "object_id": "16",
        "object_repr": "kolevdarko.work",
        "action_flag": 3,
        "change_message": ""
    }
},
{
    "model": "admin.logentry",
    "pk": 22,
    "fields": {
        "action_time": "2018-09-19T07:17:13.843",
        "user": [
            "darko"
        ],
        "content_type": [
            "auth",
            "user"
        ],
        "object_id": "17",
        "object_repr": "kolevdarko.work",
        "action_flag": 3,
        "change_message": ""
    }
},
{
    "model": "admin.logentry",
    "pk": 23,
    "fields": {
        "action_time": "2018-09-19T07:41:06.437",
        "user": [
            "darko"
        ],
        "content_type": [
            "auth",
            "user"
        ],
        "object_id": "18",
        "object_repr": "kolevdarko.work",
        "action_flag": 3,
        "change_message": ""
    }
},
{
    "model": "admin.logentry",
    "pk": 24,
    "fields": {
        "action_time": "2018-09-29T08:54:18.292",
        "user": [
            "darko"
        ],
        "content_type": [
            "auth",
            "user"
        ],
        "object_id": "20",
        "object_repr": "kolev@new1.com",
        "action_flag": 3,
        "change_message": ""
    }
},
{
    "model": "admin.logentry",
    "pk": 25,
    "fields": {
        "action_time": "2018-10-02T05:56:27.765",
        "user": [
            "darko"
        ],
        "content_type": [
            "notebooks",
            "defaultnotetemplate"
        ],
        "object_id": "2",
        "object_repr": "DefaultNoteTemplate object (2)",
        "action_flag": 2,
        "change_message": "[{\"changed\": {\"fields\": [\"content\"]}}]"
    }
},
{
    "model": "admin.logentry",
    "pk": 26,
    "fields": {
        "action_time": "2018-10-04T15:51:57.908",
        "user": [
            "darko"
        ],
        "content_type": [
            "auth",
            "user"
        ],
        "object_id": "24",
        "object_repr": "darkokolev",
        "action_flag": 3,
        "change_message": ""
    }
}
]
